model_name,task_name,stage,MACE,coverage[0.8],coverage[0.6],coverage[0.4],coverage[0.2],QCR,WQL,pinball
chronos2-fp32,ETTh,before,0.09598214285714288,0.6934523809523809,0.47023809523809523,0.29464285714285715,0.15773809523809523,0.0,0.07356641974461847,1.087340365559178
chronos2-fp32,ETTh,sorted,0.09598214285714288,0.6934523809523809,0.47023809523809523,0.29464285714285715,0.15773809523809523,0.0,0.07356641974461847,1.087340365559178
chronos2-fp32,ETTh,conformal,0.03050595238095237,0.8065476190476191,0.6220238095238095,0.45535714285714285,0.23809523809523808,0.0,0.07005321128872515,1.0354137748676948
chronos2-w2-rtn-sim,ETTh,before,0.46577380952380953,0.05952380952380952,0.044642857142857144,0.017857142857142856,0.01488095238095238,0.5416666666666666,0.3364398142849023,4.972711624721528
chronos2-w2-rtn-sim,ETTh,sorted,0.4635416666666667,0.06547619047619048,0.041666666666666664,0.026785714285714284,0.011904761904761904,0.0,0.33597109521213686,4.965783774084042
chronos2-w2-rtn-sim,ETTh,conformal,0.0869047619047619,0.6369047619047619,0.5505952380952381,0.4523809523809524,0.28273809523809523,0.0,0.296162779047324,4.3774013408868715
chronos2-w3-awq-rtn,ETTh,before,0.1912202380952381,0.5119047619047619,0.47023809523809523,0.19940476190476192,0.05357142857142857,0.8571428571428571,0.1100189015706207,1.6261222588716362
chronos2-w3-awq-rtn,ETTh,sorted,0.16443452380952384,0.6398809523809523,0.4166666666666667,0.21428571428571427,0.07142857142857142,0.0,0.10419083287156605,1.5399811312792793
chronos2-w3-awq-rtn,ETTh,conformal,0.018601190476190445,0.8125,0.6398809523809523,0.4107142857142857,0.2113095238095238,0.0,0.09814110433668494,1.4505637848937005
chronos2-w3-gptaq,ETTh,before,0.09523809523809525,0.7142857142857143,0.46726190476190477,0.29464285714285715,0.14285714285714285,0.20833333333333334,0.07855289848178554,1.1610424653996552
chronos2-w3-gptaq,ETTh,sorted,0.09375000000000003,0.7142857142857143,0.4732142857142857,0.28869047619047616,0.1488095238095238,0.0,0.07840772934025514,1.1588968088899656
chronos2-w3-gptaq,ETTh,conformal,0.018601190476190466,0.8303571428571429,0.6071428571428571,0.4017857142857143,0.23511904761904762,0.0,0.07453820688622459,1.1017037583879694
chronos2-w3-gptq,ETTh,before,0.08482142857142856,0.7351190476190477,0.5238095238095238,0.2767857142857143,0.125,0.2619047619047619,0.07895857558602754,1.1670385311638554
chronos2-w3-gptq,ETTh,sorted,0.08258928571428571,0.7351190476190477,0.5297619047619048,0.2767857142857143,0.12797619047619047,0.0,0.07879901744852727,1.1646801996838163
chronos2-w3-gptq,ETTh,conformal,0.0364583333333333,0.8184523809523809,0.6071428571428571,0.43452380952380953,0.2857142857142857,0.0,0.0758083520990323,1.120476999831578
chronos2-w3-hqq,ETTh,before,0.11160714285714288,0.6934523809523809,0.44642857142857145,0.2708333333333333,0.14285714285714285,0.6339285714285714,0.0827362257064424,1.222873672756253
chronos2-w3-hqq,ETTh,sorted,0.09821428571428573,0.7142857142857143,0.46726190476190477,0.2976190476190476,0.12797619047619047,0.0,0.08065068744870312,1.1920486042069065
chronos2-w3-hqq,ETTh,conformal,0.03794642857142855,0.8095238095238095,0.6369047619047619,0.42857142857142855,0.2767857142857143,0.0,0.0778357112271664,1.1504421581627515
chronos2-w3-rtn-sim,ETTh,before,0.2611607142857143,0.37797619047619047,0.4107142857142857,0.14583333333333334,0.020833333333333332,0.8363095238095238,0.12591489503072908,1.861071239668068
chronos2-w3-rtn-sim,ETTh,sorted,0.25446428571428575,0.5,0.29464285714285715,0.1488095238095238,0.03869047619047619,0.0,0.12246182114981082,1.810033461439704
chronos2-w3-rtn-sim,ETTh,conformal,0.017708333333333347,0.7767857142857143,0.6041666666666666,0.3630952380952381,0.19345238095238096,0.0,0.11625485144467008,1.718292029253232
chronos2-w4-awq-rtn,ETTh,before,0.24479166666666669,0.46726190476190477,0.2976190476190476,0.19642857142857142,0.05952380952380952,0.6101190476190477,0.11021570653665574,1.6290311129990394
chronos2-w4-awq-rtn,ETTh,sorted,0.23958333333333337,0.4880952380952381,0.30654761904761907,0.18452380952380953,0.0625,0.0,0.10804689473407744,1.5969752289906696
chronos2-w4-awq-rtn,ETTh,conformal,0.03348214285714285,0.7380952380952381,0.5803571428571429,0.3482142857142857,0.19940476190476192,0.0,0.10118282309400238,1.4955215740180203
chronos2-w4-bnb-nf4,ETTh,before,0.08110119047619047,0.7380952380952381,0.5178571428571429,0.27976190476190477,0.13988095238095238,0.21726190476190477,0.07518769951386219,1.1113035126456192
chronos2-w4-bnb-nf4,ETTh,sorted,0.08035714285714285,0.7380952380952381,0.5208333333333334,0.27976190476190477,0.13988095238095238,0.0,0.07499573823069532,1.10846625003944
chronos2-w4-bnb-nf4,ETTh,conformal,0.023809523809523794,0.8065476190476191,0.6369047619047619,0.41964285714285715,0.23214285714285715,0.0,0.07270421138398528,1.0745965898352325
chronos2-w4-gptaq-g64,ETTh,before,0.1049107142857143,0.6994047619047619,0.44642857142857145,0.27976190476190477,0.15476190476190477,0.06547619047619048,0.07507303514097768,1.1096087285095735
chronos2-w4-gptaq-g64,ETTh,sorted,0.10416666666666669,0.6994047619047619,0.44642857142857145,0.27976190476190477,0.15773809523809523,0.0,0.07505733855995694,1.109376726922377
chronos2-w4-gptaq-g64,ETTh,conformal,0.024553571428571418,0.8154761904761905,0.6220238095238095,0.43154761904761907,0.22916666666666666,0.0,0.07141327540878793,1.055516052817699
chronos2-w4-gptq,ETTh,before,0.09821428571428573,0.7232142857142857,0.4523809523809524,0.27380952380952384,0.15773809523809523,0.08035714285714286,0.07435140240331745,1.0989427153001388
chronos2-w4-gptq,ETTh,sorted,0.09747023809523811,0.7232142857142857,0.4523809523809524,0.27380952380952384,0.16071428571428573,0.0,0.0743139577228142,1.0983892683235426
chronos2-w4-gptq,ETTh,conformal,0.036458333333333315,0.8184523809523809,0.625,0.44047619047619047,0.2619047619047619,0.0,0.07120139287555688,1.052384346368767
chronos2-w4-gptq-g64,ETTh,before,0.08854166666666667,0.7142857142857143,0.4642857142857143,0.2916666666666667,0.17559523809523808,0.07738095238095238,0.07560875061292681,1.1175268120472392
chronos2-w4-gptq-g64,ETTh,sorted,0.08854166666666669,0.7142857142857143,0.46726190476190477,0.28869047619047616,0.17559523809523808,0.0,0.07558956051011242,1.1172431748458946
chronos2-w4-gptq-g64,ETTh,conformal,0.031994047619047596,0.8244047619047619,0.6279761904761905,0.46130952380952384,0.21428571428571427,0.0,0.07207684439268484,1.0653238611088858
chronos2-w4-hqq,ETTh,before,0.12053571428571433,0.6696428571428571,0.4583333333333333,0.23809523809523808,0.15178571428571427,0.22916666666666666,0.07637343548460997,1.128829152582499
chronos2-w4-hqq,ETTh,sorted,0.11755952380952381,0.6726190476190477,0.46130952380952384,0.24702380952380953,0.1488095238095238,0.0,0.07610323847694382,1.1248355354660402
chronos2-w4-hqq,ETTh,conformal,0.020833333333333315,0.8184523809523809,0.6190476190476191,0.42857142857142855,0.21726190476190477,0.0,0.0715435451128113,1.0574414898321112
chronos2-w4-rtn-sim,ETTh,before,0.24107142857142855,0.4642857142857143,0.30654761904761907,0.20238095238095238,0.0625,0.6190476190476191,0.10998216742613691,1.6255793138944283
chronos2-w4-rtn-sim,ETTh,sorted,0.23883928571428575,0.4851190476190476,0.30952380952380953,0.19047619047619047,0.05952380952380952,0.0,0.1077877052494649,1.5931443073565053
chronos2-w4-rtn-sim,ETTh,conformal,0.04062500000000002,0.7321428571428571,0.5625,0.3482142857142857,0.20535714285714285,0.0,0.10175342426508621,1.5039552817899715
chronos2-w6-rtn-sim,ETTh,before,0.1242559523809524,0.6339285714285714,0.4375,0.2619047619047619,0.16964285714285715,0.1875,0.07638501864692919,1.1290003562375666
chronos2-w6-rtn-sim,ETTh,sorted,0.11979166666666669,0.6369047619047619,0.44047619047619047,0.2767857142857143,0.16666666666666666,0.0,0.07625814258508674,1.1271250785776863
chronos2-w6-rtn-sim,ETTh,conformal,0.01488095238095237,0.8095238095238095,0.6160714285714286,0.41369047619047616,0.22023809523809523,0.0,0.07081321070091837,1.0466468624849483
chronos2-w8-bnb-int8,ETTh,before,0.10639880952380956,0.6964285714285714,0.44345238095238093,0.28273809523809523,0.15178571428571427,0.01488095238095238,0.07360604769501199,1.0879260821159555
chronos2-w8-bnb-int8,ETTh,sorted,0.10639880952380956,0.6964285714285714,0.44345238095238093,0.28273809523809523,0.15178571428571427,0.0,0.07360370176739113,1.0878914083910998
chronos2-w8-bnb-int8,ETTh,conformal,0.023809523809523808,0.8035714285714286,0.6130952380952381,0.44345238095238093,0.23511904761904762,0.0,0.07026978986617533,1.0386148906810573
chronos2-w8-gptq,ETTh,before,0.09449404761904764,0.7053571428571429,0.47619047619047616,0.28869047619047616,0.15178571428571427,0.0,0.07391292062635059,1.0924617836833317
chronos2-w8-gptq,ETTh,sorted,0.09449404761904764,0.7053571428571429,0.47619047619047616,0.28869047619047616,0.15178571428571427,0.0,0.07391292062635059,1.0924617836833317
chronos2-w8-gptq,ETTh,conformal,0.023809523809523808,0.8125,0.6190476190476191,0.44642857142857145,0.21726190476190477,0.0,0.07040344170082652,1.0405903169047581
chronos2-w8-hqq,ETTh,before,0.09449404761904764,0.6964285714285714,0.4732142857142857,0.29464285714285715,0.15773809523809523,0.0,0.0735167868887467,1.0866067725987663
chronos2-w8-hqq,ETTh,sorted,0.09449404761904764,0.6964285714285714,0.4732142857142857,0.29464285714285715,0.15773809523809523,0.0,0.0735167868887467,1.0866067725987663
chronos2-w8-hqq,ETTh,conformal,0.03422619047619046,0.8184523809523809,0.6160714285714286,0.4583333333333333,0.24404761904761904,0.0,0.06999633730882432,1.0345731552709978
chronos2-w8a16-rtn,ETTh,before,0.10416666666666669,0.6964285714285714,0.4523809523809524,0.28273809523809523,0.15178571428571427,0.01488095238095238,0.07338060963868859,1.084594019750754
chronos2-w8a16-rtn,ETTh,sorted,0.10416666666666669,0.6964285714285714,0.4523809523809524,0.28273809523809523,0.15178571428571427,0.0,0.07337716804997281,1.0845431517277446
chronos2-w8a16-rtn,ETTh,conformal,0.030505952380952384,0.8035714285714286,0.6160714285714286,0.45535714285714285,0.24702380952380953,0.0,0.07013594992334217,1.0366366841450887
chronos2-w8a16-rtn-pt,ETTh,before,0.11011904761904763,0.6875,0.4494047619047619,0.2648809523809524,0.15773809523809523,0.07738095238095238,0.07544135388309495,1.1150526231164655
chronos2-w8a16-rtn-pt,ETTh,sorted,0.10937500000000001,0.6875,0.4523809523809524,0.26785714285714285,0.15476190476190477,0.0,0.07541149208700537,1.1146112541278834
chronos2-w8a16-rtn-pt,ETTh,conformal,0.0319940476190476,0.8154761904761905,0.6220238095238095,0.44345238095238093,0.24702380952380953,0.0,0.07134255634279951,1.0544707974507694
chronos2-w8a16-torchao,ETTh,before,0.10416666666666669,0.6964285714285714,0.4494047619047619,0.28273809523809523,0.15476190476190477,0.023809523809523808,0.07345216655483051,1.0856516588696097
chronos2-w8a16-torchao,ETTh,sorted,0.10416666666666669,0.6964285714285714,0.4494047619047619,0.28273809523809523,0.15476190476190477,0.0,0.07344882009478805,1.0856021968854799
chronos2-w8a16-torchao,ETTh,conformal,0.024553571428571425,0.8065476190476191,0.6190476190476191,0.44047619047619047,0.23214285714285715,0.0,0.07001789974160576,1.0348918564341685
chronos2-w8a8-torchao-dyn,ETTh,before,0.1078869047619048,0.6934523809523809,0.44345238095238093,0.27976190476190477,0.15178571428571427,0.023809523809523808,0.07355816796084959,1.0872184009779067
chronos2-w8a8-torchao-dyn,ETTh,sorted,0.1078869047619048,0.6934523809523809,0.44345238095238093,0.27976190476190477,0.15178571428571427,0.0,0.0735549951729398,1.0871715059356084
chronos2-w8a8-torchao-dyn,ETTh,conformal,0.02827380952380952,0.8095238095238095,0.6190476190476191,0.4494047619047619,0.23511904761904762,0.0,0.07026044371779816,1.03847675096421
chronos2-fp32,ETTm,before,0.04538690476190479,0.7291666666666666,0.5416666666666666,0.3541666666666667,0.19345238095238096,0.002976190476190476,0.045563874466731276,0.7101192200940754
chronos2-fp32,ETTm,sorted,0.04538690476190479,0.7291666666666666,0.5416666666666666,0.3541666666666667,0.19345238095238096,0.0,0.04556369803190316,0.7101164703331297
chronos2-fp32,ETTm,conformal,0.01458333333333333,0.7797619047619048,0.6011904761904762,0.40773809523809523,0.22916666666666666,0.0,0.043975533888387014,0.6853647147773435
chronos2-w2-rtn-sim,ETTm,before,0.46279761904761907,0.06845238095238096,0.047619047619047616,0.020833333333333332,0.011904761904761904,0.5416666666666666,0.30712262459902057,4.7865481416147855
chronos2-w2-rtn-sim,ETTm,sorted,0.459077380952381,0.07142857142857142,0.050595238095238096,0.026785714285714284,0.01488095238095238,0.0,0.3067790109024193,4.781192875121321
chronos2-w2-rtn-sim,ETTm,conformal,0.03154761904761906,0.7321428571428571,0.6398809523809523,0.38392857142857145,0.20238095238095238,0.0,0.2053144203665216,3.1998533437097514
chronos2-w3-awq-rtn,ETTm,before,0.130952380952381,0.5386904761904762,0.5654761904761905,0.3005952380952381,0.07142857142857142,0.8809523809523809,0.06878579742011032,1.0720360678103236
chronos2-w3-awq-rtn,ETTm,sorted,0.09672619047619048,0.6785714285714286,0.5297619047619048,0.3125,0.09226190476190477,0.0,0.06315282664525154,0.984245447274396
chronos2-w3-awq-rtn,ETTm,conformal,0.011904761904761876,0.8154761904761905,0.5833333333333334,0.3869047619047619,0.20238095238095238,0.0,0.058724101521861444,0.9152231600470643
chronos2-w3-gptaq,ETTm,before,0.025744047619047618,0.7559523809523809,0.6071428571428571,0.4107142857142857,0.24107142857142858,0.16071428571428573,0.045972893332109,0.7164938350952176
chronos2-w3-gptaq,ETTm,sorted,0.02500000000000001,0.7589285714285714,0.6071428571428571,0.4166666666666667,0.23511904761904762,0.0,0.04594788020212045,0.7161040020406878
chronos2-w3-gptaq,ETTm,conformal,0.034077380952380935,0.7351190476190477,0.5922619047619048,0.4226190476190476,0.24107142857142858,0.0,0.04574238832667217,0.7129013830352398
chronos2-w3-gptq,ETTm,before,0.013095238095238097,0.7857142857142857,0.6011904761904762,0.4107142857142857,0.2261904761904762,0.13690476190476192,0.04366928701305823,0.6805918153079729
chronos2-w3-gptq,ETTm,sorted,0.01398809523809525,0.7916666666666666,0.5952380952380952,0.4166666666666667,0.2261904761904762,0.0,0.04363642043735672,0.6800795852270707
chronos2-w3-gptq,ETTm,conformal,0.01562500000000002,0.7797619047619048,0.6101190476190477,0.4255952380952381,0.19345238095238096,0.0,0.04284844516302005,0.6677988827228546
chronos2-w3-hqq,ETTm,before,0.1205357142857143,0.6517857142857143,0.41964285714285715,0.30357142857142855,0.14285714285714285,0.6071428571428571,0.0493971540257182,0.7698614066989017
chronos2-w3-hqq,ETTm,sorted,0.09970238095238097,0.6934523809523809,0.46726190476190477,0.2976190476190476,0.14285714285714285,0.0,0.04732325992193748,0.737539483228373
chronos2-w3-hqq,ETTm,conformal,0.009970238095238095,0.8065476190476191,0.6130952380952381,0.41369047619047616,0.19345238095238096,0.0,0.04213197900879924,0.6566326596434156
chronos2-w3-rtn-sim,ETTm,before,0.21577380952380953,0.37202380952380953,0.5029761904761905,0.20833333333333334,0.05357142857142857,0.8303571428571429,0.09470419725717599,1.4759778768376066
chronos2-w3-rtn-sim,ETTm,sorted,0.21502976190476192,0.5357142857142857,0.3630952380952381,0.18452380952380953,0.05654761904761905,0.0,0.09192293906549724,1.4326315872371198
chronos2-w3-rtn-sim,ETTm,conformal,0.016666666666666663,0.8273809523809523,0.6130952380952381,0.4017857142857143,0.17559523809523808,0.0,0.07444776254173596,1.1602785692091973
chronos2-w4-awq-rtn,ETTm,before,0.26711309523809523,0.35714285714285715,0.25297619047619047,0.2113095238095238,0.11011904761904762,0.7053571428571429,0.09468071146249743,1.4756118475129367
chronos2-w4-awq-rtn,ETTm,sorted,0.26413690476190477,0.38392857142857145,0.2708333333333333,0.1875,0.10119047619047619,0.0,0.09055472888207633,1.4113078442554938
chronos2-w4-awq-rtn,ETTm,conformal,0.036160714285714296,0.7232142857142857,0.5684523809523809,0.38392857142857145,0.22023809523809523,0.0,0.07538432289489834,1.1748749905044125
chronos2-w4-bnb-nf4,ETTm,before,0.024851190476190464,0.8095238095238095,0.5505952380952381,0.37797619047619047,0.18154761904761904,0.21726190476190477,0.04085963247231739,0.6368029647206188
chronos2-w4-bnb-nf4,ETTm,sorted,0.0226190476190476,0.8125,0.5535714285714286,0.3869047619047619,0.18154761904761904,0.0,0.040726559704419366,0.6347290074186666
chronos2-w4-bnb-nf4,ETTm,conformal,0.012946428571428602,0.7767857142857143,0.6101190476190477,0.3898809523809524,0.20833333333333334,0.0,0.040319650208500576,0.6283872672292605
chronos2-w4-gptaq-g64,ETTm,before,0.030952380952380946,0.7470238095238095,0.5535714285714286,0.3898809523809524,0.21428571428571427,0.026785714285714284,0.0444588587277118,0.6928973985530397
chronos2-w4-gptaq-g64,ETTm,sorted,0.02797619047619048,0.7470238095238095,0.5565476190476191,0.39285714285714285,0.20833333333333334,0.0,0.044457177740394684,0.6928712001356183
chronos2-w4-gptaq-g64,ETTm,conformal,0.02291666666666664,0.7708333333333334,0.5803571428571429,0.4255952380952381,0.21726190476190477,0.0,0.043203535976099626,0.6733330216475579
chronos2-w4-gptq,ETTm,before,0.028124999999999997,0.7470238095238095,0.5684523809523809,0.40773809523809523,0.22023809523809523,0.03273809523809524,0.04425301199854511,0.6896892491038199
chronos2-w4-gptq,ETTm,sorted,0.02738095238095238,0.7470238095238095,0.5714285714285714,0.40773809523809523,0.22023809523809523,0.0,0.044250151322866964,0.6896446650818226
chronos2-w4-gptq,ETTm,conformal,0.014732142857142846,0.7767857142857143,0.5892857142857143,0.4226190476190476,0.20238095238095238,0.0,0.04395111897110231,0.6849842049496829
chronos2-w4-gptq-g64,ETTm,before,0.022916666666666675,0.7589285714285714,0.5714285714285714,0.41369047619047616,0.20833333333333334,0.041666666666666664,0.04388482339245544,0.683950979282301
chronos2-w4-gptq-g64,ETTm,sorted,0.022916666666666682,0.7589285714285714,0.5714285714285714,0.4166666666666667,0.20535714285714285,0.0,0.04388154119867106,0.683899825842923
chronos2-w4-gptq-g64,ETTm,conformal,0.017708333333333347,0.7827380952380952,0.5744047619047619,0.4166666666666667,0.2113095238095238,0.0,0.04263712392117953,0.664505412244292
chronos2-w4-hqq,ETTm,before,0.06741071428571431,0.6875,0.5148809523809523,0.3333333333333333,0.20535714285714285,0.19345238095238096,0.048410710733753144,0.7544875529747476
chronos2-w4-hqq,ETTm,sorted,0.059970238095238104,0.6964285714285714,0.5297619047619048,0.33630952380952384,0.20238095238095238,0.0,0.048210150653080666,0.751361796665917
chronos2-w4-hqq,ETTm,conformal,0.04002976190476191,0.7291666666666666,0.5625,0.40773809523809523,0.24404761904761904,0.0,0.04734953324530442,0.7379489565691936
chronos2-w4-rtn-sim,ETTm,before,0.27306547619047616,0.3541666666666667,0.25892857142857145,0.21726190476190477,0.07738095238095238,0.6875,0.09648594372921387,1.5037466394798782
chronos2-w4-rtn-sim,ETTm,sorted,0.27008928571428575,0.38392857142857145,0.2708333333333333,0.19345238095238096,0.07142857142857142,0.0,0.09234789529322919,1.4392545882119705
chronos2-w4-rtn-sim,ETTm,conformal,0.030208333333333323,0.7172619047619048,0.5803571428571429,0.38392857142857145,0.20238095238095238,0.0,0.07793550405377206,1.2146354980569667
chronos2-w6-rtn-sim,ETTm,before,0.09821428571428573,0.6666666666666666,0.46726190476190477,0.2767857142857143,0.19642857142857142,0.16666666666666666,0.05159151526891697,0.8040608270261339
chronos2-w6-rtn-sim,ETTm,sorted,0.09226190476190477,0.6785714285714286,0.4732142857142857,0.2857142857142857,0.19345238095238096,0.0,0.05144455851148469,0.8017704858469268
chronos2-w6-rtn-sim,ETTm,conformal,0.02276785714285716,0.7559523809523809,0.5982142857142857,0.37202380952380953,0.21726190476190477,0.0,0.04801720628174125,0.7483547322294383
chronos2-w8-bnb-int8,ETTm,before,0.04910714285714286,0.7351190476190477,0.5357142857142857,0.3482142857142857,0.18452380952380953,0.020833333333333332,0.04577164194741576,0.7133573047186017
chronos2-w8-bnb-int8,ETTm,sorted,0.04836309523809525,0.7351190476190477,0.5357142857142857,0.35119047619047616,0.18452380952380953,0.0,0.045768481224069096,0.7133080444126216
chronos2-w8-bnb-int8,ETTm,conformal,0.012351190476190474,0.7738095238095238,0.5952380952380952,0.39880952380952384,0.21726190476190477,0.0,0.044060988592493515,0.6866965380374087
chronos2-w8-gptq,ETTm,before,0.03571428571428571,0.7440476190476191,0.5505952380952381,0.37797619047619047,0.18452380952380953,0.002976190476190476,0.045279040815866006,0.7056800486588919
chronos2-w8-gptq,ETTm,sorted,0.03571428571428571,0.7440476190476191,0.5505952380952381,0.37797619047619047,0.18452380952380953,0.0,0.04527883650501495,0.7056768644463133
chronos2-w8-gptq,ETTm,conformal,0.0206845238095238,0.7797619047619048,0.5952380952380952,0.42857142857142855,0.22916666666666666,0.0,0.04399097042149494,0.6856052952586974
chronos2-w8-hqq,ETTm,before,0.04464285714285717,0.7291666666666666,0.5416666666666666,0.35714285714285715,0.19345238095238096,0.008928571428571428,0.04552439701711702,0.7095039586383829
chronos2-w8-hqq,ETTm,sorted,0.04464285714285718,0.7291666666666666,0.5416666666666666,0.3601190476190476,0.19047619047619047,0.0,0.045524206158632424,0.7095009840827771
chronos2-w8-hqq,ETTm,conformal,0.008779761904761915,0.7886904761904762,0.5982142857142857,0.40476190476190477,0.21726190476190477,0.0,0.04399667233617484,0.68569416037943
chronos2-w8a16-rtn,ETTm,before,0.043154761904761925,0.75,0.5357142857142857,0.3601190476190476,0.18154761904761904,0.020833333333333332,0.04513726514136392,0.7034704553663099
chronos2-w8a16-rtn,ETTm,sorted,0.043154761904761925,0.75,0.5416666666666666,0.3541666666666667,0.18154761904761904,0.0,0.04513330778214916,0.7034087793812865
chronos2-w8a16-rtn,ETTm,conformal,0.014583333333333337,0.7767857142857143,0.6011904761904762,0.4166666666666667,0.21726190476190477,0.0,0.043609690150880946,0.6796629900536525
chronos2-w8a16-rtn-pt,ETTm,before,0.08035714285714286,0.7113095238095238,0.49404761904761907,0.2976190476190476,0.17559523809523808,0.08035714285714286,0.04688179267634329,0.730659155780203
chronos2-w8a16-rtn-pt,ETTm,sorted,0.07291666666666667,0.7142857142857143,0.49404761904761907,0.31547619047619047,0.18452380952380953,0.0,0.046833293163843395,0.7299032842395483
chronos2-w8a16-rtn-pt,ETTm,conformal,0.02261904761904763,0.7797619047619048,0.6339285714285714,0.3898809523809524,0.2261904761904762,0.0,0.044271870785708045,0.6899831658830402
chronos2-w8a16-torchao,ETTm,before,0.04464285714285715,0.7470238095238095,0.5297619047619048,0.3541666666666667,0.19047619047619047,0.023809523809523808,0.045500082776569986,0.7091250178714594
chronos2-w8a16-torchao,ETTm,sorted,0.04389880952380955,0.7470238095238095,0.5357142857142857,0.35119047619047616,0.19047619047619047,0.0,0.0454955679616491,0.7090546538629544
chronos2-w8a16-torchao,ETTm,conformal,0.009375000000000001,0.7797619047619048,0.6011904761904762,0.4017857142857143,0.21428571428571427,0.0,0.043935207024422634,0.6847362150827413
chronos2-w8a8-torchao-dyn,ETTm,before,0.04464285714285716,0.7410714285714286,0.5327380952380952,0.36607142857142855,0.18154761904761904,0.023809523809523808,0.04572096950692061,0.7125675677977226
chronos2-w8a8-torchao-dyn,ETTm,sorted,0.04464285714285716,0.7410714285714286,0.5386904761904762,0.3601190476190476,0.18154761904761904,0.0,0.04571619624791945,0.7124931759028523
chronos2-w8a8-torchao-dyn,ETTm,conformal,0.012202380952380978,0.7857142857142857,0.6130952380952381,0.39880952380952384,0.22023809523809523,0.0,0.0440920797985547,0.6871810987394636
chronos2-fp32,dominick,before,0.04722426360309557,0.8593084468174456,0.6877937088807567,0.43518532405463234,0.19339042534045234,0.24452076709260703,0.32438852345324826,3.866739646775808
chronos2-fp32,dominick,sorted,0.04917086607874895,0.8622405363249145,0.6899559061731357,0.4372925290459336,0.19280550722898795,0.0,0.32431813958117744,3.8659006648484193
chronos2-fp32,dominick,conformal,0.021611974323594692,0.8426607774911512,0.6334738136660868,0.41000509928609996,0.20030820685104087,0.0,0.323690077896851,3.858414114493453
chronos2-w2-rtn-sim,dominick,before,0.4824165241866139,0.033496560481532586,0.020464634951106845,0.011185933969244305,0.0051867738516607675,0.5,1.045782582616229,12.465820094564993
chronos2-w2-rtn-sim,dominick,sorted,0.48214781180634714,0.03435019097326374,0.020494630751694762,0.011467144599756033,0.0050967864498970145,0.0,1.0448801553592495,12.455063082523548
chronos2-w2-rtn-sim,dominick,conformal,4.486871837942191e-05,0.8000254964304997,0.600044743735877,0.3999215109884616,0.2000307456956026,0.0,0.7722134121497466,9.204851591988565
chronos2-w3-awq-rtn,dominick,before,0.11630184274201613,0.5985624512568241,0.5290271861939329,0.29524991501189835,0.1119530765692803,0.9163842062111305,0.4151592452113398,4.948734610259938
chronos2-w3-awq-rtn,dominick,sorted,0.07697016167736517,0.6905945667606536,0.5485707001019857,0.3304287399764033,0.12252534645149679,0.0,0.40707975079536496,4.852426328291213
chronos2-w3-awq-rtn,dominick,conformal,0.003660362549243096,0.8000279960805488,0.6012170796088547,0.4061481392605035,0.1927517647529346,0.0,0.4033063537684139,4.8074471048223515
chronos2-w3-gptaq,dominick,before,0.03976012108304839,0.7841789649449077,0.5156365608814766,0.347301377807107,0.2061573879656848,0.7489676445297658,0.33970451884212416,4.049307654945607
chronos2-w3-gptaq,dominick,sorted,0.07509261203431518,0.8791544183814266,0.6850903373527706,0.4814188513608095,0.2547068410422541,0.0,0.33574996501318344,4.002169026510506
chronos2-w3-gptaq,dominick,conformal,0.008926062851200837,0.8284202711620373,0.602768112464255,0.3963807566940628,0.19910337552742616,0.0,0.334879857011533,3.991797262826814
chronos2-w3-gptq,dominick,before,0.05708394574759535,0.7506049153118564,0.4923035774991501,0.34188088667586536,0.2131251624772532,0.728845461635371,0.3536431534026101,4.215457401253504
chronos2-w3-gptq,dominick,sorted,0.02897969284300196,0.8326484292199092,0.6021706961025456,0.436231427600136,0.24486821844941709,0.0,0.3504647449240445,4.177570493458847
chronos2-w3-gptq,dominick,conformal,0.003627242186093921,0.8072594836722858,0.5945542624032636,0.39822924790529324,0.1999670046193533,0.0,0.347871549472743,4.146659376269366
chronos2-w3-hqq,dominick,before,0.018468351930729716,0.7765200371947927,0.5582893394924711,0.392492551042854,0.19882466454696343,0.7174608054872318,0.3615695685235612,4.309940964601276
chronos2-w3-hqq,dominick,sorted,0.04301304067430559,0.8307624432579439,0.6508426320315156,0.46022681824544565,0.23022026916231728,0.0,0.35640277492747396,4.248352331834564
chronos2-w3-hqq,dominick,conformal,0.01173335732997377,0.811395154678345,0.6185471533985242,0.41495940568320433,0.20203171555982163,0.0,0.3557555376867312,4.240637207165517
chronos2-w3-rtn-sim,dominick,before,0.3139173015777791,0.34673645689603455,0.2893994840722299,0.09177715119883216,0.01641770152178695,0.8250044993700882,0.48028617464447115,5.725053320401214
chronos2-w3-rtn-sim,dominick,sorted,0.3069589007538944,0.3925387945687604,0.25694902713620094,0.09534040234367189,0.02733617293578899,0.0,0.4753461535755165,5.666167836044714
chronos2-w3-rtn-sim,dominick,conformal,0.0018321809946607384,0.8000042494050833,0.6012233287339772,0.4024836522886796,0.19638250644909713,0.0,0.43731940675992503,5.212885679251812
chronos2-w4-awq-rtn,dominick,before,0.3246829818825364,0.35300057991881134,0.1781750554922311,0.12053187553742475,0.049560561521387006,0.7406513088167657,0.4390852620669526,5.233934829368053
chronos2-w4-awq-rtn,dominick,sorted,0.31374576309316693,0.399419081328614,0.18654638350630912,0.11168686383906253,0.04736461895334653,0.0,0.43114929382381234,5.139337391966026
chronos2-w4-awq-rtn,dominick,conformal,0.0006019157317975407,0.8010865978762973,0.5987824204611354,0.4000477433159358,0.20005574219609254,0.0,0.400166154499204,4.7700156541539664
chronos2-w4-bnb-nf4,dominick,before,0.05873134011238428,0.6348911152438659,0.6608299838022677,0.39590082388465614,0.1951126842242086,0.7346134041234227,0.3375429856432565,4.023541989659708
chronos2-w4-bnb-nf4,dominick,sorted,0.07575251964724938,0.8663949547063411,0.7182881896534485,0.4760658507808907,0.24226108344831723,0.0,0.33330385178945937,3.9730111423721053
chronos2-w4-bnb-nf4,dominick,conformal,0.01842367068610392,0.8281203131561581,0.6356597576339312,0.4059056732057512,0.2040089387485752,0.0,0.33266845551968954,3.9654371631154484
chronos2-w4-gptaq-g64,dominick,before,0.07778104815325854,0.7977470654108425,0.7211465394844722,0.5485594516767652,0.23916526686263923,0.6843354430379747,0.3290428484920908,3.922219609399293
chronos2-w4-gptaq-g64,dominick,sorted,0.14560336552882597,0.8787232287479753,0.7747752814605955,0.605355250264963,0.32355970164177017,0.0,0.32794792920512855,3.909168075479886
chronos2-w4-gptaq-g64,dominick,conformal,0.07063792319075328,0.8443242945987561,0.6923518207450957,0.495079438878557,0.25079613854060434,0.0,0.32740044916879946,3.902642065435647
chronos2-w4-gptq,dominick,before,0.054434941608174865,0.7450556922030915,0.6098121263023176,0.5238079168916352,0.22917541544183814,0.7033602795608614,0.3319302888757437,3.956638151986177
chronos2-w4-gptq,dominick,sorted,0.10287247285380048,0.8722416361709361,0.7374342592037115,0.5433326834243206,0.25848131261623375,0.0,0.33032423147473683,3.937493806923163
chronos2-w4-gptq,dominick,conformal,0.018417983982242474,0.8154995800587918,0.6285370048193253,0.42621657967884496,0.19658122862799207,0.0,0.3296341732595691,3.92926825248379
chronos2-w4-gptq-g64,dominick,before,0.036571192533045416,0.792452806607075,0.6521324514567961,0.4340117383566301,0.2525933869258304,0.6959350690903273,0.3310754256502828,3.946448107371555
chronos2-w4-gptq-g64,dominick,sorted,0.08294307546943427,0.8699407083008379,0.7141712660227568,0.49080628711980323,0.2568540404343392,0.0,0.32999199752424363,3.933533549098067
chronos2-w4-gptq-g64,dominick,conformal,0.020190923270742074,0.8211875337452756,0.6309616653668486,0.4171216029755834,0.21149289099526067,0.0,0.3291715191221115,3.923753374592896
chronos2-w4-hqq,dominick,before,0.11647275631411604,0.5616913632091507,0.546658467814506,0.24374337592737017,0.18201576779250905,0.7775598916151739,0.345548106770969,4.118963735510188
chronos2-w4-hqq,dominick,sorted,0.01529848321235025,0.8167306577079209,0.6085248065270862,0.4107499950006999,0.2251884736136941,0.0,0.3389638313479811,4.04047859506092
chronos2-w4-hqq,dominick,conformal,0.00037338522606832764,0.8006741556182134,0.5994535764992901,0.3997477853100566,0.20002074709540665,0.0,0.337939914096036,4.028273411625434
chronos2-w4-rtn-sim,dominick,before,0.3312411262423261,0.34373562701221827,0.17256709060731498,0.11556632071509988,0.043166456696062554,0.7209478173055772,0.4557297320771904,5.43233837152491
chronos2-w4-rtn-sim,dominick,sorted,0.3236012583238347,0.3782033015377847,0.17745390645309655,0.10736496890435339,0.04257278980942668,0.0,0.44797515998803816,5.339903192185937
chronos2-w4-rtn-sim,dominick,conformal,9.386185933966257e-05,0.8001004859319695,0.5998322734817125,0.4000402443657888,0.20006699062131303,0.0,0.41043898180515764,4.892468656515308
chronos2-w6-rtn-sim,dominick,before,0.1599461075449437,0.5197297378367028,0.44163817065610816,0.25446437498750174,0.2556167136600876,0.7658190353350531,0.3356194637859638,4.000613440437758
chronos2-w6-rtn-sim,dominick,sorted,0.03418646389505471,0.7773024276601276,0.5750282460455536,0.33759148719179316,0.1733319835223069,0.0,0.331857114659631,3.95576590891311
chronos2-w6-rtn-sim,dominick,conformal,0.003868020977063215,0.8017052612634231,0.6077299178115064,0.3976455796188534,0.1963175155478233,0.0,0.3305360480646027,3.940018679249594
chronos2-w8-bnb-int8,dominick,before,0.028630804187413726,0.8246070550122983,0.5560571519987202,0.42824879516867637,0.21772451856740058,0.6223403723478713,0.32554026941310876,3.8804685596195703
chronos2-w8-bnb-int8,dominick,sorted,0.03402523646689459,0.8472551342812006,0.6193332933389325,0.42836002959585656,0.24115248865158878,0.0,0.325195052322561,3.876353541626469
chronos2-w8-bnb-int8,dominick,conformal,0.015457523446717442,0.830193772871798,0.6076211830343752,0.4074879516867638,0.21652718619393285,0.0,0.32466599388342066,3.8700471186361987
chronos2-w8-gptq,dominick,before,0.07359500919871217,0.8553490011398405,0.7334860619513268,0.4764907912892195,0.229054182414462,0.430032295478633,0.32638869286701244,3.890581841592496
chronos2-w8-gptq,dominick,sorted,0.07661521137040814,0.8605307756914032,0.7368205951166836,0.48049273101765755,0.2286167436558882,0.0,0.32619405819092084,3.888261779185019
chronos2-w8-gptq,dominick,conformal,0.03865615063891053,0.8427707620933069,0.666176735257064,0.428190053392525,0.21748705181274622,0.0,0.32554079916765377,3.8804748743402038
chronos2-w8-hqq,dominick,before,0.06412852200691901,0.83783520307157,0.675081738556602,0.47287254784330196,0.2707245985562021,0.47034790129381887,0.32432965973992306,3.8660379861509253
chronos2-w8-hqq,dominick,sorted,0.06938591097246385,0.8543241446197533,0.6893547403363529,0.47312626232327476,0.26073849661047455,0.0,0.324209416884767,3.8646046807727825
chronos2-w8-hqq,dominick,conformal,0.02206597326374307,0.8350168476413302,0.6306179634851121,0.40865778790969265,0.21397129401883735,0.0,0.3237308644914579,3.8589002942779422
chronos2-w8a16-rtn,dominick,before,0.04378324534565159,0.8435469034335193,0.6044578758973743,0.47813931049653047,0.24898889155518228,0.6211480392745016,0.324951180709282,3.8734465706098913
chronos2-w8a16-rtn,dominick,sorted,0.07636743355930169,0.8628691983122363,0.6801785250064991,0.4830786189933409,0.27934339192513047,0.0,0.3246252040794272,3.8695609005955403
chronos2-w8a16-rtn,dominick,conformal,0.03142591287219788,0.846578978942948,0.6245800587917691,0.42360444537764713,0.2309401683764273,0.0,0.32406170024905534,3.8628438855211065
chronos2-w8a16-rtn-pt,dominick,before,0.08962251534785132,0.6004321894934709,0.47864673945647607,0.3666936628871958,0.204262653228548,0.6791099246105545,0.3303214786233921,3.937460992693723
chronos2-w8a16-rtn-pt,dominick,sorted,0.03946353760473536,0.7950211970324155,0.5333678285040094,0.342199592057112,0.17155723198752174,0.0,0.32866636268849864,3.9177318656045963
chronos2-w8a16-rtn-pt,dominick,conformal,0.015716237226788235,0.8176642770012198,0.6098746175535426,0.417988981542584,0.21733707280980663,0.0,0.32708015525957906,3.898824133949603
chronos2-w8a16-torchao,dominick,before,0.03963051422800805,0.8376202331673566,0.547353370528126,0.4256154138420621,0.2426397804307397,0.6239763933049373,0.32565100447231765,3.8817885312362383
chronos2-w8a16-torchao,dominick,sorted,0.042826191833143346,0.8531730557721919,0.6397104405383246,0.4375337452756614,0.2408875257463955,0.0,0.3252895397813813,3.877479840421674
chronos2-w8a16-torchao,dominick,conformal,0.02405506979022936,0.8381539084528166,0.6179859819625253,0.41375582418461415,0.22632456456096148,0.0,0.3245259714078473,3.868378038448111
chronos2-w8a8-torchao-dyn,dominick,before,0.032347033915251844,0.8180779690843282,0.5147266882636431,0.39764932909392686,0.22368618393424922,0.6246038054672346,0.3262066452150967,3.8884118176170137
chronos2-w8a8-torchao-dyn,dominick,sorted,0.017855437738716562,0.8365228867958486,0.5944280300757894,0.4047583338332633,0.22456856040154377,0.0,0.32582958107814447,3.8839171800379484
chronos2-w8a8-torchao-dyn,dominick,conformal,0.01173960645509628,0.8235059591657168,0.6055539724438579,0.40406093146959426,0.21383756274121624,0.0,0.32509902050231165,3.8752088339075983
chronos2-fp32,ercot,before,0.07161458333333334,0.7135416666666666,0.4947916666666667,0.3125,0.19270833333333334,0.0,0.02595816947286314,190.9295000288222
chronos2-fp32,ercot,sorted,0.07161458333333334,0.7135416666666666,0.4947916666666667,0.3125,0.19270833333333334,0.0,0.02595816947286314,190.9295000288222
chronos2-fp32,ercot,conformal,0.030989583333333334,0.8177083333333334,0.640625,0.453125,0.1875,0.0,0.025083622248261328,184.49696384712502
chronos2-w2-rtn-sim,ercot,before,0.4505208333333333,0.09375,0.046875,0.041666666666666664,0.015625,0.5416666666666666,0.24918008159043734,1832.7882651717573
chronos2-w2-rtn-sim,ercot,sorted,0.4479166666666667,0.09895833333333333,0.052083333333333336,0.036458333333333336,0.020833333333333332,0.0,0.24893914613152882,1831.0161183816413
chronos2-w2-rtn-sim,ercot,conformal,0.02265624999999996,0.84375,0.5833333333333334,0.4114583333333333,0.21875,0.0,0.18889020157304082,1389.339559724596
chronos2-w3-awq-rtn,ercot,before,0.3671875,0.125,0.234375,0.09895833333333333,0.07291666666666667,1.0,0.06881431397587759,506.1482696603846
chronos2-w3-awq-rtn,ercot,sorted,0.3268229166666667,0.328125,0.19270833333333334,0.11979166666666667,0.052083333333333336,0.0,0.0603362011749328,443.78941034387657
chronos2-w3-awq-rtn,ercot,conformal,0.023437499999999972,0.8072916666666666,0.65625,0.4270833333333333,0.203125,0.0,0.058601057781593115,431.02695184637
chronos2-w3-gptaq,ercot,before,0.04192708333333332,0.7083333333333334,0.5677083333333334,0.359375,0.203125,0.7291666666666666,0.02360225944960908,173.6011316582009
chronos2-w3-gptaq,ercot,sorted,0.03645833333333337,0.7447916666666666,0.5729166666666666,0.3489583333333333,0.1875,0.0,0.02336597111015584,171.86316571412263
chronos2-w3-gptaq,ercot,conformal,0.044270833333333336,0.84375,0.6614583333333334,0.4635416666666667,0.20833333333333334,0.0,0.023457172434830614,172.53397662551313
chronos2-w3-gptq,ercot,before,0.0236979166666667,0.7760416666666666,0.6458333333333334,0.4166666666666667,0.20833333333333334,0.6770833333333334,0.021470006202610057,157.91782059846102
chronos2-w3-gptq,ercot,sorted,0.02734375000000002,0.7916666666666666,0.640625,0.4427083333333333,0.18229166666666666,0.0,0.02127851829221629,156.50937417348226
chronos2-w3-gptq,ercot,conformal,0.03385416666666667,0.8489583333333334,0.6614583333333334,0.40625,0.21875,0.0,0.021562085678620085,158.59509055526166
chronos2-w3-hqq,ercot,before,0.17708333333333337,0.546875,0.3958333333333333,0.21875,0.13020833333333334,1.0,0.02796534858757478,205.69285632945872
chronos2-w3-hqq,ercot,sorted,0.05468750000000003,0.7135416666666666,0.5729166666666666,0.3385416666666667,0.15625,0.0,0.023848588283921897,175.41294821280022
chronos2-w3-hqq,ercot,conformal,0.03203124999999999,0.828125,0.6510416666666666,0.3645833333333333,0.21354166666666666,0.0,0.02324304144842347,170.9589841277511
chronos2-w3-rtn-sim,ercot,before,0.3463541666666667,0.203125,0.296875,0.09895833333333333,0.015625,1.0,0.07909028244868814,581.7308535893758
chronos2-w3-rtn-sim,ercot,sorted,0.3385416666666667,0.328125,0.22395833333333334,0.06770833333333333,0.026041666666666668,0.0,0.0719634813020377,529.3112644054271
chronos2-w3-rtn-sim,ercot,conformal,0.03255208333333336,0.7916666666666666,0.65625,0.4322916666666667,0.16666666666666666,0.0,0.0666881312820054,490.50960919415513
chronos2-w4-awq-rtn,ercot,before,0.328125,0.2916666666666667,0.15104166666666666,0.18229166666666666,0.0625,0.9895833333333334,0.08210646149007204,603.9156827997277
chronos2-w4-awq-rtn,ercot,sorted,0.3125,0.3125,0.203125,0.16666666666666666,0.06770833333333333,0.0,0.07840138366359897,576.6638129128349
chronos2-w4-awq-rtn,ercot,conformal,0.00651041666666663,0.8072916666666666,0.5989583333333334,0.3854166666666667,0.203125,0.0,0.0651456138274003,479.1639676341304
chronos2-w4-bnb-nf4,ercot,before,0.03802083333333333,0.7708333333333334,0.6875,0.40625,0.22916666666666666,0.8958333333333334,0.019644188807783965,144.48842979713723
chronos2-w4-bnb-nf4,ercot,sorted,0.06380208333333331,0.8333333333333334,0.6822916666666666,0.5104166666666666,0.22916666666666666,0.0,0.01911439668558427,140.59166253407795
chronos2-w4-bnb-nf4,ercot,conformal,0.03906249999999998,0.8541666666666666,0.640625,0.421875,0.23958333333333334,0.0,0.018375510608464634,135.1569515298914
chronos2-w4-gptaq-g64,ercot,before,0.08854166666666669,0.703125,0.4583333333333333,0.34375,0.140625,0.22916666666666666,0.024676581837695624,181.50306929835565
chronos2-w4-gptaq-g64,ercot,sorted,0.0859375,0.703125,0.4791666666666667,0.328125,0.14583333333333334,0.0,0.024658092686957254,181.36707649230956
chronos2-w4-gptaq-g64,ercot,conformal,0.03515624999999997,0.8229166666666666,0.65625,0.4270833333333333,0.234375,0.0,0.024286201628000065,178.63171512462475
chronos2-w4-gptq,ercot,before,0.03906250000000001,0.78125,0.53125,0.3385416666666667,0.19270833333333334,0.40625,0.024037140150712528,176.79979922683148
chronos2-w4-gptq,ercot,sorted,0.037760416666666685,0.78125,0.546875,0.3489583333333333,0.171875,0.0,0.023987713987212375,176.43625615437824
chronos2-w4-gptq,ercot,conformal,0.04557291666666665,0.8541666666666666,0.6458333333333334,0.46875,0.21354166666666666,0.0,0.02341085989814634,172.19333513754387
chronos2-w4-gptq-g64,ercot,before,0.029947916666666685,0.7760416666666666,0.5520833333333334,0.3802083333333333,0.171875,0.265625,0.02360764819380254,173.64076735885058
chronos2-w4-gptq-g64,ercot,sorted,0.02864583333333335,0.78125,0.5572916666666666,0.3854166666666667,0.16145833333333334,0.0,0.0235812140808258,173.44633716300683
chronos2-w4-gptq-g64,ercot,conformal,0.04687499999999998,0.84375,0.6822916666666666,0.453125,0.20833333333333334,0.0,0.02288459849602584,168.32253729502358
chronos2-w4-hqq,ercot,before,0.15364583333333337,0.5885416666666666,0.4583333333333333,0.24479166666666666,0.09375,0.8489583333333334,0.027517886013226436,202.40164561095062
chronos2-w4-hqq,ercot,sorted,0.1328125,0.65625,0.4791666666666667,0.24479166666666666,0.08854166666666667,0.0,0.026939332476277885,198.14622468595152
chronos2-w4-hqq,ercot,conformal,0.029947916666666637,0.828125,0.6354166666666666,0.4270833333333333,0.22916666666666666,0.0,0.024800900601439985,182.4174681133694
chronos2-w4-rtn-sim,ercot,before,0.3177083333333333,0.2916666666666667,0.19270833333333334,0.16666666666666666,0.078125,0.9635416666666666,0.08022153912465585,590.0515586287887
chronos2-w4-rtn-sim,ercot,sorted,0.3151041666666667,0.3072916666666667,0.21354166666666666,0.13020833333333334,0.08854166666666667,0.0,0.07631323777852334,561.3049236721463
chronos2-w4-rtn-sim,ercot,conformal,0.009114583333333308,0.8072916666666666,0.609375,0.40625,0.21354166666666666,0.0,0.06379525455731481,469.23170255025224
chronos2-w6-rtn-sim,ercot,before,0.12890625000000003,0.6354166666666666,0.4166666666666667,0.2708333333333333,0.16145833333333334,0.7604166666666666,0.029933589451639733,220.16981105098017
chronos2-w6-rtn-sim,ercot,sorted,0.12109375,0.640625,0.4166666666666667,0.296875,0.16145833333333334,0.0,0.029692359620792357,218.39549907401758
chronos2-w6-rtn-sim,ercot,conformal,0.014583333333333344,0.796875,0.625,0.421875,0.20833333333333334,0.0,0.02803980875739145,206.24053142688894
chronos2-w8-bnb-int8,ercot,before,0.08203125,0.7083333333333334,0.4739583333333333,0.3229166666666667,0.16666666666666666,0.0625,0.02598907314513283,191.15680506670913
chronos2-w8-bnb-int8,ercot,sorted,0.08072916666666667,0.7083333333333334,0.4739583333333333,0.3229166666666667,0.171875,0.0,0.025987734708874697,191.1469604986685
chronos2-w8-bnb-int8,ercot,conformal,0.04401041666666667,0.8489583333333334,0.6614583333333334,0.4583333333333333,0.19270833333333334,0.0,0.024941000097964766,183.44793857291893
chronos2-w8-gptq,ercot,before,0.05729166666666668,0.71875,0.515625,0.3385416666666667,0.19791666666666666,0.0,0.025438755269858553,187.10906522538923
chronos2-w8-gptq,ercot,sorted,0.05729166666666668,0.71875,0.515625,0.3385416666666667,0.19791666666666666,0.0,0.025438755269858553,187.10906522538923
chronos2-w8-gptq,ercot,conformal,0.03385416666666664,0.8385416666666666,0.640625,0.4427083333333333,0.21354166666666666,0.0,0.024182029370913516,177.86549942581743
chronos2-w8-hqq,ercot,before,0.06640625000000003,0.7291666666666666,0.4947916666666667,0.3125,0.19791666666666666,0.0,0.025960977475300077,190.95015366165723
chronos2-w8-hqq,ercot,sorted,0.06640625000000003,0.7291666666666666,0.4947916666666667,0.3125,0.19791666666666666,0.0,0.025960977475300077,190.95015366165723
chronos2-w8-hqq,ercot,conformal,0.030989583333333327,0.8229166666666666,0.6458333333333334,0.453125,0.19791666666666666,0.0,0.025118382562792925,184.75263555314808
chronos2-w8a16-rtn,ercot,before,0.07552083333333334,0.703125,0.4895833333333333,0.34375,0.16145833333333334,0.078125,0.025507577853858304,187.61527432335748
chronos2-w8a16-rtn,ercot,sorted,0.07552083333333334,0.703125,0.4895833333333333,0.34375,0.16145833333333334,0.0,0.02550579298212984,187.60214609923187
chronos2-w8a16-rtn,ercot,conformal,0.03880208333333334,0.84375,0.6302083333333334,0.4791666666666667,0.19791666666666666,0.0,0.024787095715886928,182.31592937045625
chronos2-w8a16-rtn-pt,ercot,before,0.08593750000000003,0.71875,0.4739583333333333,0.2864583333333333,0.17708333333333334,0.5,0.026108362558937934,192.03421162499325
chronos2-w8a16-rtn-pt,ercot,sorted,0.07942708333333334,0.7239583333333334,0.46875,0.3020833333333333,0.1875,0.0,0.02604824583877756,191.59203655808057
chronos2-w8a16-rtn-pt,ercot,conformal,0.03124999999999998,0.8385416666666666,0.65625,0.4010416666666667,0.22916666666666666,0.0,0.024901785769718507,183.15950636687103
chronos2-w8a16-torchao,ercot,before,0.07552083333333334,0.703125,0.484375,0.34375,0.16666666666666666,0.08333333333333333,0.025956604187950608,190.91798692632605
chronos2-w8a16-torchao,ercot,sorted,0.07552083333333334,0.703125,0.484375,0.34375,0.16666666666666666,0.0,0.025954058102480214,190.89925976505984
chronos2-w8a16-torchao,ercot,conformal,0.03515624999999999,0.84375,0.6302083333333334,0.4583333333333333,0.20833333333333334,0.0,0.02517473570862838,185.16712849228472
chronos2-w8a8-torchao-dyn,ercot,before,0.07421875,0.703125,0.4791666666666667,0.3385416666666667,0.18229166666666666,0.078125,0.027091585741412964,199.26608946764907
chronos2-w8a8-torchao-dyn,ercot,sorted,0.07161458333333334,0.703125,0.4791666666666667,0.3385416666666667,0.19270833333333334,0.0,0.02708915550344375,199.248214396724
chronos2-w8a8-torchao-dyn,ercot,conformal,0.03359375,0.8177083333333334,0.6354166666666666,0.4635416666666667,0.18229166666666666,0.0,0.026140737830624358,192.27234068270081
chronos2-fp32,exchange_rate,before,0.084375,0.7375,0.45416666666666666,0.30833333333333335,0.1625,0.004166666666666667,0.012115537264164884,0.007963994267500107
chronos2-fp32,exchange_rate,sorted,0.084375,0.7375,0.45416666666666666,0.30833333333333335,0.1625,0.0,0.012115512496212531,0.007963977986601766
chronos2-fp32,exchange_rate,conformal,0.08750000000000001,0.75,0.6458333333333334,0.4875,0.36666666666666664,0.0,0.011955424325345888,0.007858746064378431
chronos2-w2-rtn-sim,exchange_rate,before,0.42291666666666666,0.12083333333333333,0.1,0.0625,0.025,0.5666666666666667,0.13036616099469464,0.08569453720460404
chronos2-w2-rtn-sim,exchange_rate,sorted,0.41458333333333336,0.125,0.10416666666666667,0.07916666666666666,0.03333333333333333,0.0,0.13010808180140862,0.08552489213059071
chronos2-w2-rtn-sim,exchange_rate,conformal,0.12812500000000004,0.625,0.625,0.1625,0.125,0.0,0.14780455915440396,0.09715744635590386
chronos2-w3-awq-rtn,exchange_rate,before,0.0854166666666667,0.6666666666666666,0.5583333333333333,0.30416666666666664,0.12916666666666668,0.75,0.021477204240593042,0.014117766940466094
chronos2-w3-awq-rtn,exchange_rate,sorted,0.03854166666666667,0.8041666666666667,0.5958333333333333,0.31666666666666665,0.1375,0.0,0.018828793048805394,0.012376867540836058
chronos2-w3-awq-rtn,exchange_rate,conformal,0.044791666666666674,0.7708333333333334,0.6125,0.45416666666666666,0.2833333333333333,0.0,0.01880972751500316,0.012364335054773147
chronos2-w3-gptaq,exchange_rate,before,0.06354166666666665,0.9333333333333333,0.5541666666666667,0.3416666666666667,0.21666666666666667,0.3416666666666667,0.010140117519519312,0.0066654772327833425
chronos2-w3-gptaq,exchange_rate,sorted,0.057291666666666664,0.9333333333333333,0.5625,0.35,0.20833333333333334,0.0,0.010123071509191292,0.006654272254780625
chronos2-w3-gptaq,exchange_rate,conformal,0.08541666666666665,0.925,0.6,0.475,0.3416666666666667,0.0,0.009979556120977966,0.006559934240369196
chronos2-w3-gptq,exchange_rate,before,0.07187500000000001,0.9583333333333334,0.5666666666666667,0.3625,0.14166666666666666,0.3375,0.009426859589845566,0.006196626207911995
chronos2-w3-gptq,exchange_rate,sorted,0.06770833333333334,0.9625,0.5708333333333333,0.36666666666666664,0.15416666666666667,0.0,0.009405709948427937,0.006182723760225431
chronos2-w3-gptq,exchange_rate,conformal,0.05624999999999999,0.9416666666666667,0.575,0.4166666666666667,0.24166666666666667,0.0,0.00918525899264595,0.006037813129369169
chronos2-w3-hqq,exchange_rate,before,0.15416666666666667,0.675,0.35833333333333334,0.24166666666666667,0.10833333333333334,0.775,0.01435050165952368,0.009433119676024134
chronos2-w3-hqq,exchange_rate,sorted,0.12291666666666667,0.7583333333333333,0.4,0.25,0.1,0.0,0.012540776363709375,0.008243519779018781
chronos2-w3-hqq,exchange_rate,conformal,0.028125000000000032,0.8333333333333334,0.6416666666666667,0.37916666666666665,0.18333333333333332,0.0,0.012375165966262515,0.008134657891415473
chronos2-w3-rtn-sim,exchange_rate,before,0.14479166666666665,0.49583333333333335,0.5791666666666667,0.2625,0.08333333333333333,0.7625,0.02583984929146261,0.0169854961561591
chronos2-w3-rtn-sim,exchange_rate,sorted,0.1260416666666667,0.6625,0.4708333333333333,0.2625,0.1,0.0,0.024035365560791836,0.015799341735309332
chronos2-w3-rtn-sim,exchange_rate,conformal,0.050000000000000024,0.7583333333333333,0.5583333333333333,0.35,0.13333333333333333,0.0,0.02482993963681073,0.016321644894347564
chronos2-w4-awq-rtn,exchange_rate,before,0.28958333333333336,0.475,0.1625,0.1375,0.06666666666666667,0.8125,0.031160976421159385,0.020483271371038562
chronos2-w4-awq-rtn,exchange_rate,sorted,0.265625,0.5291666666666667,0.2125,0.12916666666666668,0.06666666666666667,0.0,0.029531375604921323,0.01941207400885307
chronos2-w4-awq-rtn,exchange_rate,conformal,0.08645833333333336,0.775,0.7375,0.4666666666666667,0.08333333333333333,0.0,0.031114925588137537,0.02045300044188345
chronos2-w4-bnb-nf4,exchange_rate,before,0.09375,0.7125,0.4875,0.29583333333333334,0.12916666666666668,0.42916666666666664,0.013460100689783165,0.008847825927659867
chronos2-w4-bnb-nf4,exchange_rate,sorted,0.084375,0.7458333333333333,0.48333333333333334,0.29583333333333334,0.1375,0.0,0.01297600667144084,0.008529612884115152
chronos2-w4-bnb-nf4,exchange_rate,conformal,0.08020833333333335,0.7625,0.65,0.48333333333333334,0.35,0.0,0.01283613845604169,0.008437672292347997
chronos2-w4-gptaq-g64,exchange_rate,before,0.05312500000000002,0.7791666666666667,0.5333333333333333,0.31666666666666665,0.15833333333333333,0.11666666666666667,0.012264910560669605,0.008062182903393276
chronos2-w4-gptaq-g64,exchange_rate,sorted,0.05208333333333335,0.7791666666666667,0.5333333333333333,0.32916666666666666,0.15,0.0,0.012262714277318822,0.008060739204477243
chronos2-w4-gptaq-g64,exchange_rate,conformal,0.071875,0.7083333333333334,0.6333333333333333,0.4708333333333333,0.2916666666666667,0.0,0.012547642631882265,0.008248033233038667
chronos2-w4-gptq,exchange_rate,before,0.054166666666666655,0.85,0.5708333333333333,0.325,0.1375,0.125,0.011232887412125516,0.0073837956177346675
chronos2-w4-gptq,exchange_rate,sorted,0.04999999999999999,0.85,0.5708333333333333,0.325,0.15416666666666667,0.0,0.011230595511753596,0.007382289066186381
chronos2-w4-gptq,exchange_rate,conformal,0.07395833333333335,0.7625,0.6583333333333333,0.49583333333333335,0.30416666666666664,0.0,0.011103072651579013,0.007298463536598893
chronos2-w4-gptq-g64,exchange_rate,before,0.03437499999999999,0.8208333333333333,0.5708333333333333,0.35833333333333334,0.15416666666666667,0.1,0.01144126569708106,0.007520770432030851
chronos2-w4-gptq-g64,exchange_rate,sorted,0.033333333333333326,0.8208333333333333,0.5708333333333333,0.35833333333333334,0.15833333333333333,0.0,0.011440558907746867,0.007520305833054913
chronos2-w4-gptq-g64,exchange_rate,conformal,0.065625,0.7583333333333333,0.6375,0.48333333333333334,0.3,0.0,0.011405825335073845,0.007497474160993955
chronos2-w4-hqq,exchange_rate,before,0.11041666666666669,0.725,0.475,0.23333333333333334,0.125,0.4666666666666667,0.010644729344747991,0.006997177395624694
chronos2-w4-hqq,exchange_rate,sorted,0.08229166666666668,0.7833333333333333,0.4875,0.26666666666666666,0.13333333333333333,0.0,0.009997289165574456,0.006571590831606753
chronos2-w4-hqq,exchange_rate,conformal,0.03125,0.775,0.6041666666666666,0.4375,0.25833333333333336,0.0,0.0094627552221061,0.006220221745057239
chronos2-w4-rtn-sim,exchange_rate,before,0.27187500000000003,0.48333333333333334,0.2,0.15833333333333333,0.07083333333333333,0.8083333333333333,0.032033585658456654,0.02105686995045592
chronos2-w4-rtn-sim,exchange_rate,sorted,0.25416666666666665,0.5291666666666667,0.24583333333333332,0.15416666666666667,0.05416666666666667,0.0,0.030524377344091722,0.020064811067552202
chronos2-w4-rtn-sim,exchange_rate,conformal,0.08958333333333336,0.7875,0.7416666666666667,0.48333333333333334,0.07916666666666666,0.0,0.032319095153403817,0.02124454598425439
chronos2-w6-rtn-sim,exchange_rate,before,0.10520833333333335,0.725,0.44583333333333336,0.23333333333333334,0.175,0.425,0.01419790902667122,0.009332814850344288
chronos2-w6-rtn-sim,exchange_rate,sorted,0.10312500000000002,0.7291666666666666,0.45416666666666666,0.25,0.15416666666666667,0.0,0.013998702470976771,0.009201868955580589
chronos2-w6-rtn-sim,exchange_rate,conformal,0.07500000000000001,0.725,0.625,0.4875,0.3125,0.0,0.014316939463018893,0.009411057993183257
chronos2-w8-bnb-int8,exchange_rate,before,0.10520833333333335,0.7291666666666666,0.44583333333333336,0.2833333333333333,0.12083333333333333,0.03333333333333333,0.012367041270571233,0.008129317226078086
chronos2-w8-bnb-int8,exchange_rate,sorted,0.10416666666666669,0.7291666666666666,0.45,0.2791666666666667,0.125,0.0,0.012364486368128999,0.008127637793465207
chronos2-w8-bnb-int8,exchange_rate,conformal,0.09062500000000001,0.7541666666666667,0.6541666666666667,0.5375,0.325,0.0,0.012202691168340527,0.00802128377749964
chronos2-w8-gptq,exchange_rate,before,0.08541666666666667,0.75,0.4666666666666667,0.29583333333333334,0.14583333333333334,0.004166666666666667,0.012479545949289593,0.008203270745170474
chronos2-w8-gptq,exchange_rate,sorted,0.08541666666666667,0.75,0.4666666666666667,0.29583333333333334,0.14583333333333334,0.0,0.012479519115941893,0.008203253106610782
chronos2-w8-gptq,exchange_rate,conformal,0.09166666666666666,0.7375,0.65,0.5041666666666667,0.35,0.0,0.012423404165385185,0.008166366657845812
chronos2-w8-hqq,exchange_rate,before,0.08645833333333336,0.7333333333333333,0.45416666666666666,0.30833333333333335,0.15833333333333333,0.004166666666666667,0.01220573298576842,0.008023283277483036
chronos2-w8-hqq,exchange_rate,sorted,0.08645833333333336,0.7333333333333333,0.45416666666666666,0.30833333333333335,0.15833333333333333,0.0,0.012205352650771285,0.008023033269111895
chronos2-w8-hqq,exchange_rate,conformal,0.09479166666666668,0.7458333333333333,0.6458333333333334,0.5041666666666667,0.375,0.0,0.012018960249917509,0.00790051059599069
chronos2-w8a16-rtn,exchange_rate,before,0.09062500000000001,0.7416666666666667,0.44583333333333336,0.3,0.15,0.0375,0.012121152319141437,0.007967685252445303
chronos2-w8a16-rtn,exchange_rate,sorted,0.08958333333333333,0.7416666666666667,0.45,0.29583333333333334,0.15416666666666667,0.0,0.01211779774767487,0.00796548016757394
chronos2-w8a16-rtn,exchange_rate,conformal,0.09166666666666667,0.7625,0.6583333333333333,0.5083333333333333,0.3625,0.0,0.011943587297185445,0.007850965144526628
chronos2-w8a16-rtn-pt,exchange_rate,before,0.12187500000000004,0.7,0.45416666666666666,0.24583333333333332,0.1125,0.225,0.01246576488651683,0.008194211938901356
chronos2-w8a16-rtn-pt,exchange_rate,sorted,0.12083333333333335,0.7041666666666667,0.4583333333333333,0.24166666666666667,0.1125,0.0,0.012420529705850928,0.008164477168444406
chronos2-w8a16-rtn-pt,exchange_rate,conformal,0.07395833333333333,0.7375,0.6208333333333333,0.48333333333333334,0.32916666666666666,0.0,0.012033975062905971,0.007910380392266367
chronos2-w8a16-torchao,exchange_rate,before,0.09166666666666667,0.7458333333333333,0.44583333333333336,0.2916666666666667,0.15,0.05,0.012272485393257003,0.008067162123215557
chronos2-w8a16-torchao,exchange_rate,sorted,0.08958333333333333,0.7458333333333333,0.45,0.2916666666666667,0.15416666666666667,0.0,0.01226866239684209,0.008064649125164443
chronos2-w8a16-torchao,exchange_rate,conformal,0.09270833333333334,0.7541666666666667,0.6541666666666667,0.5083333333333333,0.3625,0.0,0.012060424278425371,0.007927766447559137
chronos2-w8a8-torchao-dyn,exchange_rate,before,0.09687499999999999,0.7375,0.45,0.2916666666666667,0.13333333333333333,0.05,0.012289979816080342,0.00807866185946666
chronos2-w8a8-torchao-dyn,exchange_rate,sorted,0.09479166666666666,0.7375,0.45,0.2916666666666667,0.14166666666666666,0.0,0.012286595271193475,0.00807643707194883
chronos2-w8a8-torchao-dyn,exchange_rate,conformal,0.09375000000000001,0.7625,0.6666666666666666,0.525,0.3458333333333333,0.0,0.012047729316206922,0.007919421575670302
chronos2-fp32,m4_quarterly,before,0.04117447916666668,0.756109375,0.549671875,0.35136979166666665,0.17815104166666668,0.007557291666666667,0.07597317095758492,453.889867147541
chronos2-fp32,m4_quarterly,sorted,0.04114843750000002,0.7561197916666667,0.5496875,0.3514322916666667,0.17816666666666667,0.0,0.07597292405301241,453.8883920546602
chronos2-fp32,m4_quarterly,conformal,7.421874999999356e-05,0.8000104166666666,0.6000052083333334,0.39993229166666666,0.20021354166666666,0.0,0.07554604282371413,451.3380566926921
chronos2-w2-rtn-sim,m4_quarterly,before,0.48016796875000006,0.03716666666666667,0.023395833333333334,0.01246875,0.006296875,0.498578125,0.355931785230228,2126.4589680208187
chronos2-w2-rtn-sim,m4_quarterly,sorted,0.47984114583333337,0.03769270833333333,0.023520833333333335,0.013338541666666667,0.006083333333333333,0.0,0.3557837567540386,2125.574594964584
chronos2-w2-rtn-sim,m4_quarterly,conformal,0.00019661458333333076,0.800140625,0.600265625,0.400234375,0.20014583333333333,0.0,0.25834114250273,1543.4188855270015
chronos2-w3-awq-rtn,m4_quarterly,before,0.16701171875,0.5234947916666667,0.5506770833333333,0.202390625,0.055390625,0.843890625,0.10272854837829909,613.7356989050459
chronos2-w3-awq-rtn,m4_quarterly,sorted,0.13340755208333335,0.6738333333333333,0.48542708333333334,0.224546875,0.0825625,0.0,0.09885411386449816,590.5884938512678
chronos2-w3-awq-rtn,m4_quarterly,conformal,0.0026796875000000137,0.7998958333333334,0.6050833333333333,0.3949739583333333,0.19949479166666667,0.0,0.09608574171840087,574.0492859997414
chronos2-w3-gptaq,m4_quarterly,before,0.005772135416666671,0.8060833333333334,0.5942083333333333,0.3978333333333333,0.190953125,0.2908072916666667,0.0764474343221812,456.7232796908944
chronos2-w3-gptaq,m4_quarterly,sorted,0.003613281249999975,0.8106510416666667,0.60215625,0.4007864583333333,0.200859375,0.0,0.07622126974356544,455.37209467061
chronos2-w3-gptaq,m4_quarterly,conformal,0.0003971354166666663,0.8004583333333334,0.600375,0.39931770833333335,0.20007291666666666,0.0,0.07613831782449693,454.87651136072475
chronos2-w3-gptq,m4_quarterly,before,0.02261458333333332,0.838328125,0.6332239583333333,0.41702083333333334,0.20188541666666668,0.259828125,0.07832202360473096,467.92272114750716
chronos2-w3-gptq,m4_quarterly,sorted,0.026182291666666677,0.840921875,0.636171875,0.422046875,0.20558854166666668,0.0,0.07811007542573002,466.6564697906618
chronos2-w3-gptq,m4_quarterly,conformal,0.003268229166666671,0.8065208333333334,0.6033854166666667,0.40231770833333336,0.19915104166666667,0.0,0.07802302512639075,466.1364013467064
chronos2-w3-hqq,m4_quarterly,before,0.12993359375,0.68625,0.39077083333333335,0.26959375,0.13365104166666666,0.6570885416666666,0.08812662547421862,526.4987866701745
chronos2-w3-hqq,m4_quarterly,sorted,0.07855989583333334,0.743796875,0.486390625,0.30956770833333336,0.14600520833333333,0.0,0.08358567765497164,499.3696017694597
chronos2-w3-hqq,m4_quarterly,conformal,0.0037317708333333144,0.807125,0.5957135416666667,0.397125,0.199359375,0.0,0.08324605182554616,497.3405601926133
chronos2-w3-rtn-sim,m4_quarterly,before,0.2934817708333334,0.298,0.3771614583333333,0.1169375,0.03397395833333333,0.8443802083333334,0.12484921849588312,745.8921943406547
chronos2-w3-rtn-sim,m4_quarterly,sorted,0.2831627604166667,0.447328125,0.25779166666666664,0.11883333333333333,0.043395833333333335,0.0,0.12137630393149575,725.1438076355032
chronos2-w3-rtn-sim,m4_quarterly,conformal,9.244791666666863e-05,0.799828125,0.5999583333333334,0.39996875,0.200125,0.0,0.10990334546169972,656.6004056686137
chronos2-w4-awq-rtn,m4_quarterly,before,0.27373828125,0.393875,0.2521510416666667,0.18694270833333335,0.072078125,0.6536197916666666,0.13066176266398682,780.6183334104944
chronos2-w4-awq-rtn,m4_quarterly,sorted,0.26434505208333337,0.4356302083333333,0.274,0.16723958333333333,0.06575,0.0,0.12557989804097167,750.2575253840677
chronos2-w4-awq-rtn,m4_quarterly,conformal,0.00013541666666664481,0.8001875,0.5999583333333334,0.4002864583333333,0.19997395833333334,0.0,0.1102168523356917,658.4734036176594
chronos2-w4-bnb-nf4,m4_quarterly,before,0.08710677083333335,0.7166302083333334,0.5024583333333333,0.2958385416666667,0.13664583333333333,0.3483072916666667,0.07958417385407486,475.46324106755617
chronos2-w4-bnb-nf4,m4_quarterly,sorted,0.07672395833333334,0.7238802083333333,0.5124947916666667,0.3098489583333333,0.14688020833333335,0.0,0.07927823341955137,473.6354476316541
chronos2-w4-bnb-nf4,m4_quarterly,conformal,0.00014973958333334286,0.8000364583333334,0.600328125,0.39983854166666666,0.19992708333333334,0.0,0.07783222058712094,464.9964693695528
chronos2-w4-gptaq-g64,m4_quarterly,before,0.022644531250000016,0.7764479166666667,0.5707395833333333,0.37618229166666667,0.18605208333333334,0.127828125,0.0758180471969476,452.96310442038816
chronos2-w4-gptaq-g64,m4_quarterly,sorted,0.021299479166666677,0.7778020833333333,0.5720416666666667,0.377328125,0.18763020833333333,0.0,0.0757721338026786,452.68880200333246
chronos2-w4-gptaq-g64,m4_quarterly,conformal,0.00017838541666666263,0.8004010416666667,0.5999270833333333,0.39990625,0.19985416666666667,0.0,0.07551745675092321,451.1672736568151
chronos2-w4-gptq,m4_quarterly,before,0.012100260416666675,0.791296875,0.58640625,0.37763541666666667,0.19626041666666666,0.13650520833333332,0.07586969094610377,453.2716419494664
chronos2-w4-gptq,m4_quarterly,sorted,0.010563802083333344,0.7927395833333334,0.588765625,0.38017708333333333,0.1960625,0.0,0.07579686996595264,452.83658435492686
chronos2-w4-gptq,m4_quarterly,conformal,0.00027343749999998723,0.800421875,0.60009375,0.3996927083333333,0.19972916666666668,0.0,0.07562173581887016,451.7902726931872
chronos2-w4-gptq-g64,m4_quarterly,before,0.010549479166666681,0.787796875,0.5906979166666667,0.3845885416666667,0.19471875,0.105546875,0.07562159780893349,451.7894481743336
chronos2-w4-gptq-g64,m4_quarterly,sorted,0.00971614583333335,0.7891354166666666,0.5916875,0.38579166666666664,0.19452083333333334,0.0,0.07558124393638574,451.54836025318036
chronos2-w4-gptq-g64,m4_quarterly,conformal,0.0001796874999999698,0.80046875,0.6002239583333333,0.40001041666666665,0.199984375,0.0,0.07545360529342611,450.7858030771979
chronos2-w4-hqq,m4_quarterly,before,0.11764192708333333,0.6462083333333334,0.47490625,0.27886458333333336,0.129453125,0.4171875,0.08005004169131985,478.2464958414484
chronos2-w4-hqq,m4_quarterly,sorted,0.10493098958333336,0.6664791666666666,0.4850625,0.2900989583333333,0.13863541666666668,0.0,0.07947632786203616,474.81893199921177
chronos2-w4-hqq,m4_quarterly,conformal,0.000186197916666693,0.799875,0.600125,0.3998333333333333,0.200328125,0.0,0.07782265853352723,464.9393423708951
chronos2-w4-rtn-sim,m4_quarterly,before,0.28146354166666665,0.382375,0.243625,0.18084895833333334,0.067296875,0.6556614583333333,0.1312753419711116,784.2840673358404
chronos2-w4-rtn-sim,m4_quarterly,sorted,0.2722109375,0.42308854166666665,0.26429166666666665,0.16163541666666667,0.062140625,0.0,0.12593921997364618,752.4042382595362
chronos2-w4-rtn-sim,m4_quarterly,conformal,0.00014192708333329862,0.8000104166666666,0.6003385416666667,0.40005729166666665,0.20016145833333332,0.0,0.11014223310856226,658.0276026768596
chronos2-w6-rtn-sim,m4_quarterly,before,0.09724348958333334,0.6714375,0.47828645833333333,0.29738020833333334,0.163921875,0.3297395833333333,0.07900758980031608,472.01852951660504
chronos2-w6-rtn-sim,m4_quarterly,sorted,0.09048958333333335,0.6833802083333333,0.48736979166666666,0.3068125,0.16047916666666667,0.0,0.07871414304018264,470.2653775908258
chronos2-w6-rtn-sim,m4_quarterly,conformal,8.723958333332893e-05,0.7998125,0.6001041666666667,0.40001041666666665,0.199953125,0.0,0.07712022108172406,460.74273931142307
chronos2-w8-bnb-int8,m4_quarterly,before,0.04630338541666669,0.7556041666666666,0.5413333333333333,0.34983333333333333,0.168015625,0.09415625,0.07603063720034589,454.23319025704774
chronos2-w8-bnb-int8,m4_quarterly,sorted,0.04515885416666668,0.7556354166666667,0.54325,0.35046875,0.17001041666666666,0.0,0.07601670449555137,454.14995148409037
chronos2-w8-bnb-int8,m4_quarterly,conformal,0.00011067708333332288,0.8002760416666667,0.5999322916666666,0.40005729166666665,0.19995833333333332,0.0,0.07559172891840876,451.61100114387233
chronos2-w8-gptq,m4_quarterly,before,0.030524739583333356,0.7707760416666667,0.5628333333333333,0.36118229166666665,0.183109375,0.007510416666666667,0.07570995204638231,452.31730679326586
chronos2-w8-gptq,m4_quarterly,sorted,0.030505208333333353,0.7707864583333334,0.5628229166666666,0.36128125,0.18308854166666666,0.0,0.07570916065594559,452.3125787544639
chronos2-w8-gptq,m4_quarterly,conformal,0.00021744791666664792,0.8003125,0.6003854166666667,0.40007291666666667,0.20009895833333333,0.0,0.07533136447787372,450.055494379644
chronos2-w8-hqq,m4_quarterly,before,0.039798177083333344,0.7579739583333334,0.5498645833333333,0.35088020833333333,0.18208854166666666,0.019255208333333333,0.0760311270107429,454.2361165529128
chronos2-w8-hqq,m4_quarterly,sorted,0.03972526041666666,0.757984375,0.5498854166666667,0.35113020833333336,0.18209895833333334,0.0,0.07603039794644353,454.23176087190313
chronos2-w8-hqq,m4_quarterly,conformal,0.00017187499999999495,0.8001666666666667,0.599859375,0.400046875,0.20033333333333334,0.0,0.07556425519584099,451.4468636710096
chronos2-w8a16-rtn,m4_quarterly,before,0.04472135416666667,0.757609375,0.5436875,0.35089583333333335,0.168921875,0.09996354166666667,0.07600553707369724,454.0832334630066
chronos2-w8a16-rtn,m4_quarterly,sorted,0.043424479166666696,0.757671875,0.545609375,0.35159375,0.17142708333333334,0.0,0.07598987894231328,453.9896863978509
chronos2-w8a16-rtn,m4_quarterly,conformal,0.00014322916666664742,0.8000572916666666,0.6003020833333333,0.40013020833333335,0.20008333333333334,0.0,0.07559309944663349,451.61918915111227
chronos2-w8a16-rtn-pt,m4_quarterly,before,0.06124218750000002,0.7507135416666667,0.5244635416666666,0.3092552083333333,0.17059895833333333,0.250859375,0.076655067622342,457.9637524767152
chronos2-w8a16-rtn-pt,m4_quarterly,sorted,0.05690625000000001,0.7545416666666667,0.527140625,0.32469791666666664,0.16599479166666667,0.0,0.07653655414667805,457.25571219030485
chronos2-w8a16-rtn-pt,m4_quarterly,conformal,9.765625000000833e-05,0.8000052083333333,0.6001354166666667,0.39997916666666666,0.20022916666666668,0.0,0.07590099774453038,453.45867953654573
chronos2-w8a16-torchao,m4_quarterly,before,0.043020833333333355,0.7564479166666667,0.5453854166666666,0.35097395833333334,0.175109375,0.11239583333333333,0.07605465631002188,454.37668868369525
chronos2-w8a16-torchao,m4_quarterly,sorted,0.04185546875000001,0.7565104166666666,0.5476145833333333,0.35248958333333336,0.17596354166666667,0.0,0.07603873824484991,454.28158868464186
chronos2-w8a16-torchao,m4_quarterly,conformal,0.00015624999999999667,0.800171875,0.600265625,0.39983854166666666,0.20002604166666665,0.0,0.0756023418985512,451.6744067393762
chronos2-w8a8-torchao-dyn,m4_quarterly,before,0.04472395833333334,0.7544479166666667,0.5435677083333333,0.3492604166666667,0.173828125,0.11234375,0.07610440260932942,454.67389019442845
chronos2-w8a8-torchao-dyn,m4_quarterly,sorted,0.04355859374999999,0.7544895833333334,0.5456458333333334,0.3506927083333333,0.1749375,0.0,0.07608870476125,454.5801058480669
chronos2-w8a8-torchao-dyn,m4_quarterly,conformal,6.7708333333312e-05,0.8,0.5999270833333333,0.40005729166666665,0.200140625,0.0,0.07564196587057702,451.91113398363854
chronos2-fp32,m4_yearly,before,0.07282608695652175,0.725108695652174,0.5087898550724638,0.3174492753623188,0.15734782608695652,0.002101449275362319,0.11725137321821848,731.3126857586755
chronos2-fp32,m4_yearly,sorted,0.07282608695652175,0.725108695652174,0.5087898550724638,0.3174565217391304,0.15734057971014492,0.0,0.11725111967931769,731.3111044022324
chronos2-fp32,m4_yearly,conformal,7.427536231885412e-05,0.7999565217391305,0.6000652173913044,0.4000072463768116,0.20018115942028986,0.0,0.11602829555908106,723.6841848444
chronos2-w2-rtn-sim,m4_yearly,before,0.4871105072463768,0.025108695652173912,0.015289855072463767,0.007398550724637681,0.003760869565217391,0.3383115942028985,0.46085216179878036,2874.397313501063
chronos2-w2-rtn-sim,m4_yearly,sorted,0.4870126811594203,0.025289855072463768,0.015115942028985507,0.008318840579710145,0.0032246376811594204,0.0,0.460771537152375,2873.894446668184
chronos2-w2-rtn-sim,m4_yearly,conformal,0.0004202898550724893,0.7990797101449275,0.6000942028985508,0.40042753623188404,0.19976086956521738,0.0,0.31122655150511824,1941.1621289673205
chronos2-w3-awq-rtn,m4_yearly,before,0.2193894927536232,0.43272463768115943,0.49629710144927536,0.14982608695652175,0.043594202898550725,0.8051521739130435,0.16816171555092727,1048.8473820469221
chronos2-w3-awq-rtn,m4_yearly,sorted,0.20832065217391307,0.5631231884057971,0.38852898550724635,0.15664492753623188,0.058420289855072464,0.0,0.1655300376545374,1032.433250786568
chronos2-w3-awq-rtn,m4_yearly,conformal,0.0012735507246376676,0.8001376811594203,0.6025724637681159,0.3979057971014493,0.20028985507246377,0.0,0.15071029724660384,940.0005238810866
chronos2-w3-gptaq,m4_yearly,before,0.0091322463768116,0.7989492753623189,0.5888985507246377,0.3873623188405797,0.1882608695652174,0.29706521739130437,0.11887629888715019,741.4475671036731
chronos2-w3-gptaq,m4_yearly,sorted,0.00540398550724637,0.8003260869565217,0.5936086956521739,0.3880289855072464,0.19707246376811594,0.0,0.11869689386491057,740.3285936959289
chronos2-w3-gptaq,m4_yearly,conformal,0.00012862318840583392,0.7998260869565217,0.6000797101449276,0.399768115942029,0.20002898550724638,0.0,0.11775110554309662,734.4295839120722
chronos2-w3-gptq,m4_yearly,before,0.01928623188405794,0.8301739130434782,0.6307608695652174,0.41405797101449276,0.20215217391304346,0.23296376811594202,0.1200930374561086,749.0365302544506
chronos2-w3-gptq,m4_yearly,sorted,0.021536231884057948,0.8319782608695652,0.631768115942029,0.41557246376811596,0.20682608695652174,0.0,0.11991926139775029,747.9526654563639
chronos2-w3-gptq,m4_yearly,conformal,0.0008840579710144986,0.8018695652173913,0.6006884057971015,0.39952173913043476,0.1995,0.0,0.11978649077990464,747.1245571411986
chronos2-w3-hqq,m4_yearly,before,0.18649275362318843,0.5755289855072464,0.3416086956521739,0.22820289855072465,0.10868840579710146,0.6157173913043478,0.14097100604442128,879.2552463550126
chronos2-w3-hqq,m4_yearly,sorted,0.15408514492753622,0.613,0.4031376811594203,0.2529130434782609,0.11460869565217391,0.0,0.13831793950633858,862.7077112412808
chronos2-w3-hqq,m4_yearly,conformal,0.0003242753623188266,0.8006304347826086,0.5997463768115942,0.3996449275362319,0.20005797101449274,0.0,0.12779442828648901,797.0711473139943
chronos2-w3-rtn-sim,m4_yearly,before,0.3099782608695652,0.28459420289855075,0.3468623188405797,0.10351449275362319,0.025115942028985507,0.7820434782608696,0.20024350203951696,1248.945826926043
chronos2-w3-rtn-sim,m4_yearly,sorted,0.30417391304347824,0.4032391304347826,0.24660869565217391,0.09967391304347827,0.03378260869565217,0.0,0.19759953254050522,1232.4550312763608
chronos2-w3-rtn-sim,m4_yearly,conformal,0.00010326086956521235,0.8001304347826087,0.6000144927536232,0.39994202898550724,0.20021014492753622,0.0,0.1689298492371426,1053.6383358214455
chronos2-w4-awq-rtn,m4_yearly,before,0.30415579710144935,0.3765869565217391,0.21380434782608695,0.13617391304347826,0.05681159420289855,0.5847971014492753,0.2007108459876167,1251.8607143894233
chronos2-w4-awq-rtn,m4_yearly,sorted,0.2977518115942029,0.39071739130434785,0.22742753623188405,0.13567391304347826,0.05517391304347826,0.0,0.19643244240948482,1225.1757321533516
chronos2-w4-awq-rtn,m4_yearly,conformal,0.00015579710144926484,0.8001594202898551,0.5999782608695652,0.40008695652173915,0.2003550724637681,0.0,0.16106504784856768,1004.5845049913974
chronos2-w4-bnb-nf4,m4_yearly,before,0.11129710144927538,0.6891231884057971,0.47492028985507245,0.266304347826087,0.12446376811594202,0.3511231884057971,0.12167756689005624,758.9194548138697
chronos2-w4-bnb-nf4,m4_yearly,sorted,0.1035108695652174,0.6917173913043478,0.4811884057971014,0.2807101449275362,0.13234057971014493,0.0,0.12139546938167017,757.1599744697062
chronos2-w4-bnb-nf4,m4_yearly,conformal,0.0002264492753623476,0.7996521739130434,0.6000289855072464,0.3999057971014493,0.19956521739130434,0.0,0.11774369036117588,734.3833344187228
chronos2-w4-gptaq-g64,m4_yearly,before,0.0343876811594203,0.7732246376811595,0.5564710144927536,0.35442028985507246,0.17833333333333334,0.11305072463768116,0.11610144527918746,724.1404295501567
chronos2-w4-gptaq-g64,m4_yearly,sorted,0.03393478260869565,0.773572463768116,0.5570072463768116,0.35480434782608694,0.1788768115942029,0.0,0.11607930318030475,724.0023262822991
chronos2-w4-gptaq-g64,m4_yearly,conformal,0.0002264492753622921,0.800427536231884,0.5996304347826087,0.3999855072463768,0.20009420289855073,0.0,0.115731593365291,721.8336131005003
chronos2-w4-gptq,m4_yearly,before,0.03378260869565218,0.7783115942028985,0.5599637681159421,0.3486739130434783,0.17792028985507247,0.14678985507246378,0.11631466509147864,725.4703103805793
chronos2-w4-gptq,m4_yearly,sorted,0.03333152173913044,0.7788188405797102,0.5608985507246377,0.3502536231884058,0.17670289855072463,0.0,0.11627499687009456,725.2228943143671
chronos2-w4-gptq,m4_yearly,conformal,0.0006503623188405666,0.8010362318840579,0.599231884057971,0.3992391304347826,0.19996376811594202,0.0,0.11587237861409444,722.7117097537995
chronos2-w4-gptq-g64,m4_yearly,before,0.02565398550724638,0.7785869565217391,0.5697463768115942,0.36218840579710143,0.18686231884057972,0.08538405797101449,0.11599686741937794,723.4881632829988
chronos2-w4-gptq-g64,m4_yearly,sorted,0.025411231884057986,0.7788115942028986,0.5698550724637681,0.3630072463768116,0.18668115942028984,0.0,0.11598502607734547,723.4143072299133
chronos2-w4-gptq-g64,m4_yearly,conformal,6.521739130435633e-05,0.799804347826087,0.5999492753623188,0.4000072463768116,0.1999927536231884,0.0,0.11567886393796264,721.5047325248651
chronos2-w4-hqq,m4_yearly,before,0.1341286231884058,0.6228333333333333,0.4743478260869565,0.2585217391304348,0.10778260869565218,0.3997753623188406,0.12169238006540459,759.0118465936098
chronos2-w4-hqq,m4_yearly,sorted,0.12206340579710147,0.6469710144927536,0.4757028985507246,0.26867391304347826,0.12039855072463768,0.0,0.12110083130364863,755.3222768952503
chronos2-w4-hqq,m4_yearly,conformal,0.0002481884057971076,0.7998333333333333,0.5998985507246377,0.40006521739130435,0.19934057971014493,0.0,0.1167083424970642,727.9257296468891
chronos2-w4-rtn-sim,m4_yearly,before,0.31535507246376815,0.35980434782608695,0.19843478260869565,0.1287536231884058,0.05158695652173913,0.6238985507246377,0.19489427357406083,1215.5819649222365
chronos2-w4-rtn-sim,m4_yearly,sorted,0.3062065217391305,0.3792536231884058,0.21760869565217392,0.12792753623188405,0.050384057971014494,0.0,0.18965342237110958,1182.8940665744806
chronos2-w4-rtn-sim,m4_yearly,conformal,6.884057971016239e-05,0.7998695652173913,0.599963768115942,0.3999057971014493,0.20001449275362318,0.0,0.15581968060828924,971.8684395075474
chronos2-w6-rtn-sim,m4_yearly,before,0.11286956521739132,0.6623478260869565,0.46554347826086956,0.2802608695652174,0.1403695652173913,0.24079710144927535,0.11968392145569509,746.4848183824505
chronos2-w6-rtn-sim,m4_yearly,sorted,0.11011594202898553,0.669268115942029,0.4696086956521739,0.27944927536231884,0.14121014492753622,0.0,0.11953537195514628,745.5582950400564
chronos2-w6-rtn-sim,m4_yearly,conformal,0.00012137681159421487,0.7998405797101449,0.6,0.40002898550724636,0.19970289855072465,0.0,0.11604898128377121,723.8132045092862
chronos2-w8-bnb-int8,m4_yearly,before,0.07746920289855075,0.7242101449275362,0.5001811594202898,0.31718840579710145,0.14854347826086955,0.08998550724637681,0.11727644391396597,731.4690550815902
chronos2-w8-bnb-int8,m4_yearly,sorted,0.07711775362318843,0.7242101449275362,0.5009710144927536,0.31705797101449273,0.14928985507246376,0.0,0.1172662297460584,731.4053479337738
chronos2-w8-bnb-int8,m4_yearly,conformal,0.00010326086956523317,0.7999347826086957,0.6000072463768116,0.3999855072463768,0.19967391304347826,0.0,0.1160524201386482,723.8346531126326
chronos2-w8-gptq,m4_yearly,before,0.04741304347826087,0.7580652173913044,0.5415144927536232,0.342,0.16876811594202898,0.0018840579710144927,0.11666800598068851,727.6741453343543
chronos2-w8-gptq,m4_yearly,sorted,0.047409420289855085,0.758072463768116,0.5415144927536232,0.34201449275362317,0.16876086956521738,0.0,0.11666750918150567,727.6710467306049
chronos2-w8-gptq,m4_yearly,conformal,3.623188405797034e-05,0.7999927536231884,0.5999420289855072,0.40002898550724636,0.19994927536231885,0.0,0.1155436944030464,720.6616618392164
chronos2-w8-hqq,m4_yearly,before,0.07156521739130439,0.7285652173913043,0.5079347826086956,0.31705072463768114,0.16018840579710145,0.00672463768115942,0.11724477731646951,731.2715462266543
chronos2-w8-hqq,m4_yearly,sorted,0.0715380434782609,0.7285652173913043,0.5079347826086956,0.3170942028985507,0.1602536231884058,0.0,0.11724435688858646,731.2689239610391
chronos2-w8-hqq,m4_yearly,conformal,0.0001775362318840526,0.8001304347826087,0.5998188405797101,0.39969565217391306,0.19990579710144926,0.0,0.11598303134804164,723.4018658332413
chronos2-w8a16-rtn,m4_yearly,before,0.07678442028985508,0.7252391304347826,0.5014927536231885,0.31757971014492753,0.14855072463768115,0.09944202898550725,0.11725351922935265,731.3260707206008
chronos2-w8a16-rtn,m4_yearly,sorted,0.07632427536231887,0.7252391304347826,0.5021521739130435,0.31766666666666665,0.14964492753623188,0.0,0.11724114425082438,731.2488863044586
chronos2-w8a16-rtn,m4_yearly,conformal,3.804347826085602e-05,0.8000434782608695,0.6000217391304348,0.39996376811594203,0.20005072463768117,0.0,0.11608942841893348,724.0654787661658
chronos2-w8a16-rtn-pt,m4_yearly,before,0.07882246376811594,0.7220289855072464,0.49873188405797103,0.300268115942029,0.16368115942028985,0.195231884057971,0.11795542974188122,735.703981596955
chronos2-w8a16-rtn-pt,m4_yearly,sorted,0.07796739130434785,0.7229782608695652,0.4999565217391304,0.3080869565217391,0.15710869565217392,0.0,0.11788862096603786,735.2872862188692
chronos2-w8a16-rtn-pt,m4_yearly,conformal,0.00021920289855072855,0.799804347826087,0.600072463768116,0.4002826086956522,0.20032608695652174,0.0,0.1160162777772138,723.6092283121825
chronos2-w8a16-torchao,m4_yearly,before,0.07621557971014496,0.723159420289855,0.5003840579710145,0.3179492753623188,0.15364492753623188,0.11042753623188406,0.11728310795074082,731.5106195809905
chronos2-w8a16-torchao,m4_yearly,sorted,0.07585326086956526,0.723159420289855,0.5011521739130435,0.3183550724637681,0.15392028985507247,0.0,0.11726860911727793,731.4201883941386
chronos2-w8a16-torchao,m4_yearly,conformal,7.065217391301337e-05,0.8000434782608695,0.600159420289855,0.40005797101449275,0.19997826086956522,0.0,0.11601815390283282,723.6209299616182
chronos2-w8a8-torchao-dyn,m4_yearly,before,0.07700905797101451,0.7219057971014493,0.4989710144927536,0.3174057971014493,0.15368115942028984,0.11131884057971014,0.11713729586876459,730.601169888767
chronos2-w8a8-torchao-dyn,m4_yearly,sorted,0.07662500000000001,0.7219130434782609,0.49975362318840577,0.31778260869565217,0.15405072463768116,0.0,0.11712270723440861,730.5101786015896
chronos2-w8a8-torchao-dyn,m4_yearly,conformal,7.246376811593375e-05,0.7999130434782609,0.5998985507246377,0.40005072463768115,0.20005072463768117,0.0,0.11583946300390607,722.5064106376395
chronos2-fp32,m5,before,0.09570233800309239,0.775680551000328,0.48968279998125847,0.2472086866888441,0.10461861031720002,0.22788150681722344,0.5526742334949694,0.7957118407750476
chronos2-fp32,m5,sorted,0.09348908307173315,0.7784554654921988,0.4930035608864733,0.2500316262943354,0.10455301504005997,0.0,0.5526608922087551,0.79569263267963
chronos2-fp32,m5,conformal,0.0008132057349013525,0.8016363678957972,0.599575973387059,0.3989739024504521,0.19983366911868058,0.0,0.5525168415963665,0.7954852360416074
chronos2-w2-rtn-sim,m5,before,0.47191292226959664,0.05074966031017195,0.035341798247669025,0.01740266129410111,0.008854191069671556,0.5714285714285714,0.7861327809803677,1.1318334098765064
chronos2-w2-rtn-sim,m5,sorted,0.47086632619594254,0.052622639741367196,0.034806493932436865,0.01984608536756782,0.009259476174858268,0.0,0.7845682616353805,1.1295808956602102
chronos2-w2-rtn-sim,m5,conformal,4.246122850586759e-05,0.7999918005903575,0.6000386543597432,0.39989223633041276,0.19998477252494964,0.0,0.6893518971004075,0.9924932876186443
chronos2-w3-awq-rtn,m5,before,0.26801029611582255,0.3559398866138781,0.36208827250152276,0.16064751909291103,0.04928313732839807,0.7469322494494682,0.5926961800897286,0.8533333741599695
chronos2-w3-awq-rtn,m5,sorted,0.26241654172328166,0.4569706695403645,0.29318394789860847,0.14954200440425433,0.05063721126364616,0.0,0.5897751861436578,0.8491278778135546
chronos2-w3-awq-rtn,m5,conformal,0.0002125989785878718,0.7999765731153071,0.6003478892376892,0.39956660263318183,0.19995431757484888,0.0,0.5780332585426872,0.8322224563928168
chronos2-w3-gptaq,m5,before,0.05823045026472381,0.7530501803870121,0.4764056130815724,0.34255142201190086,0.2049290165393806,0.6239539895984632,0.5539871470967989,0.7976021060263947
chronos2-w3-gptaq,m5,sorted,0.017786569367005567,0.8270275968701682,0.5985615892798576,0.3770299395586375,0.18028979056365085,0.0,0.5531972693127295,0.7964648807543304
chronos2-w3-gptaq,m5,conformal,0.006199925033968982,0.814401677364944,0.6018249543175749,0.3961673616642459,0.19525956988239704,0.0,0.5530607856319147,0.7962683785938982
chronos2-w3-gptq,m5,before,0.023777116619032007,0.7991624888722297,0.5498969217073514,0.41233776882350187,0.2318301082322073,0.5782387668087897,0.5549499379596455,0.7989882826261475
chronos2-w3-gptq,m5,sorted,0.05261883287260459,0.8494295553577286,0.6626809726842524,0.45622569460713114,0.2421391088413063,0.0,0.554308534047957,0.7980648223735815
chronos2-w3-gptq,m5,conformal,0.012960045448156265,0.8166893126552031,0.6124396757719158,0.41146160333598836,0.21124959002951788,0.0,0.5542119090239153,0.7979257066502756
chronos2-w3-hqq,m5,before,0.022735791594433757,0.8141428102890877,0.6101297849411985,0.43344070655484235,0.23322986459260647,0.4252576957316216,0.5626429496073252,0.8100642838005986
chronos2-w3-hqq,m5,sorted,0.030805767699011354,0.827172843555264,0.6369324837183151,0.428921660497587,0.23019608302487934,0.0,0.562176325472421,0.8093924624511812
chronos2-w3-hqq,m5,conformal,0.023029213325211996,0.82560792765778,0.6309363725811742,0.41801293164035047,0.21755962142154336,0.0,0.561321842366223,0.8081622217702572
chronos2-w3-rtn-sim,m5,before,0.30842577191585063,0.36142412032047977,0.2531731715316497,0.11634142341751394,0.035358197066954034,0.4995982289275172,0.607986312244467,0.8753473173930427
chronos2-w3-rtn-sim,m5,sorted,0.30830073091880245,0.38436958253291476,0.23485334770182262,0.11199105093004733,0.03558309516000562,0.0,0.6067931315480836,0.8736294374001715
chronos2-w3-rtn-sim,m5,conformal,8.902216183290929e-05,0.7999824298364804,0.5999297193459214,0.3998664667572506,0.19986529541301598,0.0,0.5873562247387107,0.8456451820125902
chronos2-w4-awq-rtn,m5,before,0.2708121515250902,0.47292086398350747,0.24715949023098907,0.13569905823923534,0.060971981445907326,0.5377957644192475,0.5734907840210557,0.8256824359897957
chronos2-w4-awq-rtn,m5,sorted,0.25650681722344565,0.5184685845476269,0.26112777022911493,0.13975893735651032,0.05461743897296537,0.0,0.5717400430461972,0.82316180948073
chronos2-w4-awq-rtn,m5,conformal,0.002248395258398518,0.8043152321604273,0.5960268003560887,0.3993264770650799,0.20003162629433538,0.0,0.5643536997110711,0.8125273335171547
chronos2-w4-bnb-nf4,m5,before,0.11781146043199177,0.480131659091974,0.5640537881272548,0.31671508222836525,0.16785362882443894,0.7064716768964063,0.5570748818938747,0.8020476672454678
chronos2-w4-bnb-nf4,m5,sorted,0.0722859954083306,0.7489692170735136,0.5070878039638289,0.30479079791969266,0.1500081994096425,0.0,0.5555484589299874,0.7998500022327257
chronos2-w4-bnb-nf4,m5,conformal,0.0009464461415921097,0.8014454387855503,0.6003373471395774,0.39807079604554185,0.19992620531321745,0.0,0.5550114013113423,0.7990767743881201
chronos2-w4-gptaq-g64,m5,before,0.09990072857611397,0.6634669446656983,0.4743920723422199,0.3112413906198754,0.15129667806775055,0.5945263083915101,0.5532552069731151,0.7965482964078956
chronos2-w4-gptaq-g64,m5,sorted,0.07313258445391933,0.7482418123037998,0.5101485264489528,0.3041137609520686,0.1449655624795015,0.0,0.5529369262084531,0.7960900521877318
chronos2-w4-gptaq-g64,m5,conformal,0.0008082275219041465,0.8014805791125896,0.600374830155086,0.39919177247809584,0.20056927329803684,0.0,0.5527123213405496,0.7957666776896006
chronos2-w4-gptq,m5,before,0.07248570960033734,0.6891193834043949,0.48068921894766437,0.3426193599775102,0.1976291992690812,0.589638288900342,0.5532189947099554,0.7964961598601228
chronos2-w4-gptq,m5,sorted,0.039222461697043555,0.7639706226865951,0.5426381014852645,0.3540657358384482,0.18243569320151806,0.0,0.5529052164896062,0.7960443981709078
chronos2-w4-gptq,m5,conformal,0.002770229114932285,0.801952630839151,0.5986271845569976,0.4027561729841166,0.20499929719345922,0.0,0.5527584809935325,0.7958331359759085
chronos2-w4-gptq-g64,m5,before,0.04767634587452563,0.7074310078245795,0.5317961392494026,0.37746802230239423,0.19259944712552124,0.5915382092489341,0.5529693557828188,0.7961367426153839
chronos2-w4-gptq-g64,m5,sorted,0.02297211029377315,0.7797380874291336,0.5695755048493651,0.37395750363116714,0.18484046291524153,0.0,0.5526953251343264,0.7957422074289653
chronos2-w4-gptq-g64,m5,conformal,0.0016258257976854013,0.8010659232535258,0.5998875509534742,0.4027327460994237,0.20259218479126645,0.0,0.552601125041244,0.7956065829961168
chronos2-w4-hqq,m5,before,0.1463196364147496,0.4498934076746474,0.5771084196223586,0.24355760670945978,0.1441620203345359,0.7091036873916506,0.5567972496658757,0.8016479466907346
chronos2-w4-hqq,m5,sorted,0.06459787752424682,0.7480731387340112,0.5221325493135923,0.31793445157662936,0.15346835027877992,0.0,0.5550126673474042,0.7990785971615086
chronos2-w4-hqq,m5,conformal,0.0002887363538396637,0.8000281122616314,0.600424026612941,0.39931827765543737,0.1999789158037764,0.0,0.554736814769999,0.7986814388558616
chronos2-w4-rtn-sim,m5,before,0.2620979360914586,0.4921508222836527,0.2604331630979712,0.13707421637070702,0.06195005388183479,0.4897811928969686,0.5744477480903727,0.8270602234729146
chronos2-w4-rtn-sim,m5,sorted,0.2529403668650143,0.5346296209530057,0.25925713348638896,0.14022044698495995,0.05413133111558825,0.0,0.5732836736523478,0.8253842491688073
chronos2-w4-rtn-sim,m5,conformal,0.0023828070093239034,0.8047240312983179,0.5959471489481328,0.39934170454013024,0.19990394977275922,0.0,0.5661087591865717,0.8150541775805896
chronos2-w6-rtn-sim,m5,before,0.1641088413062831,0.4753935716628403,0.432590310640491,0.24861781380312045,0.21303706133158412,0.7316602633181839,0.557010515377997,0.8019549956575246
chronos2-w6-rtn-sim,m5,sorted,0.10870162348310922,0.6762978494119852,0.476577800684065,0.2831314716768964,0.1291863842946165,0.0,0.5557474033666969,0.8001364321662237
chronos2-w6-rtn-sim,m5,conformal,4.831794967902897e-05,0.8000339689828047,0.5999414327882678,0.39990980649393243,0.20001054209811178,0.0,0.5550070235871158,0.7990704715666901
chronos2-w8-bnb-int8,m5,before,0.05792297240312984,0.7443119523965703,0.49642388605163285,0.35902520732792953,0.168547064611348,0.5637808649205829,0.5530608015424748,0.7962684015011017
chronos2-w8-bnb-int8,m5,sorted,0.03090591763107342,0.7883650377172844,0.5523532305673992,0.3568875040997048,0.178770557091318,0.0,0.5529382084058991,0.796091898229447
chronos2-w8-bnb-int8,m5,conformal,0.0007247692451857607,0.8012486529541302,0.5989340767464743,0.3996567961392494,0.2002412969123366,0.0,0.5528850633829528,0.7960153827679444
chronos2-w8-gptq,m5,before,0.139384400037483,0.6826945602773743,0.4328362929297662,0.2209658904558872,0.10596565618704025,0.34543995689453216,0.5526156978907935,0.7956275642328697
chronos2-w8-gptq,m5,sorted,0.13700569273298038,0.6874666166893126,0.43505247622171206,0.22547790844773463,0.10398022770931921,0.0,0.5525943863089012,0.7955968809170401
chronos2-w8-gptq,m5,conformal,0.00023485451904605575,0.8001956144871855,0.6002166986834091,0.39952911961767323,0.2000562245232629,0.0,0.5522505459548773,0.7951018373191091
chronos2-w8-hqq,m5,before,0.09109866232488403,0.7270182261162911,0.48710467132080776,0.28039404020053416,0.1410884130628309,0.473524106264349,0.5526802560052415,0.7957205116745473
chronos2-w8-hqq,m5,sorted,0.08216628402755001,0.7649873494822659,0.5077238438832404,0.27171320807758986,0.12691046244670384,0.0,0.5526419669088921,0.7956653850095223
chronos2-w8-hqq,m5,conformal,0.0015089842102797082,0.800969873026285,0.6018483812022677,0.397011900857424,0.20022958346999017,0.0,0.5525220622795814,0.7954927525118883
chronos2-w8a16-rtn,m5,before,0.0445459284074404,0.7566954036452233,0.5073759546455512,0.3749777444595418,0.18276718361992222,0.5635946211872745,0.5529550247721597,0.7961161095657848
chronos2-w8a16-rtn,m5,sorted,0.01453989598463197,0.801834325071452,0.5749554889190835,0.379549501007356,0.18916975120648455,0.0,0.5528372881706267,0.7959465984826645
chronos2-w8a16-rtn,m5,conformal,0.0013827718689968446,0.8024340533195896,0.5989985006793797,0.40009253619453683,0.2020029986412407,0.0,0.5527865106310887,0.7958734916015996
chronos2-w8a16-rtn-pt,m5,before,0.07203562057817552,0.6364557466148152,0.5569249871152134,0.3336890315325868,0.21521224757531743,0.6303366443330366,0.5544643048764938,0.7982890931739954
chronos2-w8a16-rtn-pt,m5,sorted,0.04113555966827535,0.7248032141685798,0.5500351403270393,0.3801714847959518,0.18044792203532775,0.0,0.5541148553379799,0.797785973761696
chronos2-w8a16-rtn-pt,m5,conformal,0.0027561729841165603,0.8000351403270393,0.6001265051773416,0.4052370800730919,0.20562596635899358,0.0,0.5538976058763333,0.7974731891979198
chronos2-w8a16-torchao,m5,before,0.05630036780208968,0.7475003514032704,0.4883720657826922,0.3607084289931125,0.17821768261256618,0.5650306892189476,0.552953767080453,0.7961142988061686
chronos2-w8a16-torchao,m5,sorted,0.026369008574239794,0.7863948367146137,0.5664679285948555,0.3623447968889097,0.17931640350466194,0.0,0.552839143146044,0.795949269180545
chronos2-w8a16-torchao,m5,conformal,0.0009613807805837829,0.8001089350138219,0.6000093707538772,0.40022489809305156,0.2035023192615846,0.0,0.5527707639927892,0.7958508204043775
chronos2-w8a8-torchao-dyn,m5,before,0.06738011291758422,0.7317609989223633,0.47903996626528605,0.3499941432788268,0.169684439863187,0.5650119477111933,0.5530843058040515,0.7963022417239887
chronos2-w8a8-torchao-dyn,m5,sorted,0.04109075575130021,0.7712165581221009,0.5436946539849131,0.3459588623904793,0.17476690249730592,0.0,0.5529640235343637,0.7961290655192274
chronos2-w8a8-torchao-dyn,m5,conformal,0.00011332755470180172,0.7999765731153071,0.5998969217073513,0.39991917724780957,0.20024598228927518,0.0,0.5528890555951018,0.7960211305489795
chronos2-fp32,monash_australian_electricity,before,0.059374999999999976,0.675,0.55,0.42083333333333334,0.24166666666666667,0.0,0.030728297629526977,100.76022066328261
chronos2-fp32,monash_australian_electricity,sorted,0.059374999999999976,0.675,0.55,0.42083333333333334,0.24166666666666667,0.0,0.030728297629526977,100.76022066328261
chronos2-fp32,monash_australian_electricity,conformal,0.16666666666666669,0.6083333333333333,0.39166666666666666,0.19583333333333333,0.1375,0.0,0.03540487395602752,116.09503902152733
chronos2-w2-rtn-sim,monash_australian_electricity,before,0.45416666666666666,0.0875,0.0625,0.020833333333333332,0.0125,0.5625,0.12272453413366624,402.4222652746129
chronos2-w2-rtn-sim,monash_australian_electricity,sorted,0.45208333333333334,0.0875,0.0625,0.025,0.016666666666666666,0.0,0.12241192464954584,401.39719707912866
chronos2-w2-rtn-sim,monash_australian_electricity,conformal,0.05937499999999998,0.8083333333333333,0.4625,0.3875,0.12083333333333333,0.0,0.11029735898278334,361.6726954311794
chronos2-w3-awq-rtn,monash_australian_electricity,before,0.16666666666666669,0.5291666666666667,0.39166666666666666,0.2708333333333333,0.14166666666666666,0.8458333333333333,0.045570432054021476,149.42860957816794
chronos2-w3-awq-rtn,monash_australian_electricity,sorted,0.14375000000000004,0.575,0.425,0.2708333333333333,0.15416666666666667,0.0,0.04419138845633844,144.90662990711354
chronos2-w3-awq-rtn,monash_australian_electricity,conformal,0.16770833333333335,0.65,0.35,0.2125,0.11666666666666667,0.0,0.05014041582068012,164.41390353450066
chronos2-w3-gptaq,monash_australian_electricity,before,0.0697916666666667,0.6625,0.5625,0.3333333333333333,0.1625,0.36666666666666664,0.03396694753131436,111.3799784738046
chronos2-w3-gptaq,monash_australian_electricity,sorted,0.05937500000000002,0.7041666666666667,0.5416666666666666,0.35,0.16666666666666666,0.0,0.033771920112951034,110.74047003286857
chronos2-w3-gptaq,monash_australian_electricity,conformal,0.221875,0.49583333333333335,0.3541666666666667,0.2,0.0625,0.0,0.040385288834257065,132.42616507918746
chronos2-w3-gptq,monash_australian_electricity,before,0.04479166666666666,0.7458333333333333,0.5541666666666667,0.38333333333333336,0.2625,0.36666666666666664,0.034657282975627646,113.64363630930583
chronos2-w3-gptq,monash_australian_electricity,sorted,0.03645833333333333,0.7708333333333334,0.5416666666666666,0.4041666666666667,0.25416666666666665,0.0,0.03452469804631329,113.20888112386068
chronos2-w3-gptq,monash_australian_electricity,conformal,0.1791666666666667,0.5375,0.375,0.24583333333333332,0.125,0.0,0.04077348288972961,133.69908033017757
chronos2-w3-hqq,monash_australian_electricity,before,0.10833333333333334,0.6208333333333333,0.4666666666666667,0.325,0.15416666666666667,0.6208333333333333,0.029995348672444164,98.35683016176577
chronos2-w3-hqq,monash_australian_electricity,sorted,0.08750000000000002,0.6625,0.5083333333333333,0.3416666666666667,0.1375,0.0,0.029247883390451344,95.90583962334527
chronos2-w3-hqq,monash_australian_electricity,conformal,0.16770833333333335,0.525,0.3875,0.26666666666666666,0.15,0.0,0.032777398624573295,107.47936504646584
chronos2-w3-rtn-sim,monash_australian_electricity,before,0.19583333333333333,0.5041666666666667,0.3958333333333333,0.2125,0.10416666666666667,0.85,0.04715529794578835,154.6254948368779
chronos2-w3-rtn-sim,monash_australian_electricity,sorted,0.18645833333333336,0.5458333333333333,0.39166666666666666,0.22083333333333333,0.09583333333333334,0.0,0.04644328182063743,152.2907445441352
chronos2-w3-rtn-sim,monash_australian_electricity,conformal,0.19999999999999998,0.5208333333333334,0.3625,0.20833333333333334,0.10833333333333334,0.0,0.05096191286446772,167.1076493581136
chronos2-w4-awq-rtn,monash_australian_electricity,before,0.1864583333333333,0.5375,0.3541666666666667,0.25833333333333336,0.10416666666666667,0.5458333333333333,0.044630301048664237,146.34585476062915
chronos2-w4-awq-rtn,monash_australian_electricity,sorted,0.18333333333333335,0.5625,0.3541666666666667,0.24166666666666667,0.10833333333333334,0.0,0.04406119367147118,144.47971217120136
chronos2-w4-awq-rtn,monash_australian_electricity,conformal,0.26145833333333335,0.5041666666666667,0.22916666666666666,0.15,0.07083333333333333,0.0,0.05391561331243315,176.793038132279
chronos2-w4-bnb-nf4,monash_australian_electricity,before,0.07604166666666667,0.6375,0.5208333333333334,0.35833333333333334,0.17916666666666667,0.3625,0.03378920723392576,110.79715570237902
chronos2-w4-bnb-nf4,monash_australian_electricity,sorted,0.05729166666666669,0.6958333333333333,0.5125,0.37083333333333335,0.19166666666666668,0.0,0.03350157743301627,109.85399762188948
chronos2-w4-bnb-nf4,monash_australian_electricity,conformal,0.19479166666666667,0.5666666666666667,0.3375,0.1875,0.12916666666666668,0.0,0.040070438660945645,131.39374950832791
chronos2-w4-gptaq-g64,monash_australian_electricity,before,0.05208333333333332,0.6875,0.5625,0.42916666666666664,0.22916666666666666,0.19583333333333333,0.03280646861569439,107.57468756499114
chronos2-w4-gptaq-g64,monash_australian_electricity,sorted,0.04895833333333333,0.6916666666666667,0.5708333333333333,0.42916666666666664,0.22916666666666666,0.0,0.03276802397514014,107.44862492031521
chronos2-w4-gptaq-g64,monash_australian_electricity,conformal,0.2072916666666667,0.49166666666666664,0.3625,0.19583333333333333,0.12083333333333333,0.0,0.03934341541395465,129.00978982148345
chronos2-w4-gptq,monash_australian_electricity,before,0.04895833333333333,0.6916666666666667,0.5625,0.42083333333333334,0.22916666666666666,0.21666666666666667,0.03217027376046013,105.4885604787756
chronos2-w4-gptq,monash_australian_electricity,sorted,0.05208333333333334,0.6958333333333333,0.5666666666666667,0.4375,0.23333333333333334,0.0,0.03213678017529007,105.37873268833867
chronos2-w4-gptq,monash_australian_electricity,conformal,0.15520833333333336,0.6541666666666667,0.375,0.2375,0.1125,0.0,0.037251959714338374,122.15176142233389
chronos2-w4-gptq-g64,monash_australian_electricity,before,0.05416666666666666,0.7041666666666667,0.5666666666666667,0.44583333333333336,0.24166666666666667,0.20416666666666666,0.03194672484692676,104.75552807560673
chronos2-w4-gptq-g64,monash_australian_electricity,sorted,0.05937499999999998,0.7041666666666667,0.5708333333333333,0.4583333333333333,0.25416666666666665,0.0,0.03192043680966572,104.66932777687354
chronos2-w4-gptq-g64,monash_australian_electricity,conformal,0.190625,0.5166666666666667,0.375,0.22083333333333333,0.125,0.0,0.037460656969762224,122.83609420776368
chronos2-w4-hqq,monash_australian_electricity,before,0.10625000000000001,0.5833333333333334,0.5083333333333333,0.32916666666666666,0.15416666666666667,0.37916666666666665,0.0320663255662287,105.14770713523583
chronos2-w4-hqq,monash_australian_electricity,sorted,0.06875000000000002,0.6583333333333333,0.5083333333333333,0.37083333333333335,0.1875,0.0,0.03165960454181983,103.81404066721598
chronos2-w4-hqq,monash_australian_electricity,conformal,0.11562500000000002,0.6833333333333333,0.5083333333333333,0.22083333333333333,0.125,0.0,0.035328898015610954,115.8459086396959
chronos2-w4-rtn-sim,monash_australian_electricity,before,0.18749999999999997,0.5208333333333334,0.35833333333333334,0.2625,0.10833333333333334,0.5291666666666667,0.04402537586444937,144.362263095997
chronos2-w4-rtn-sim,monash_australian_electricity,sorted,0.18645833333333334,0.5375,0.3625,0.25,0.10416666666666667,0.0,0.043502170804150024,142.6466373895716
chronos2-w4-rtn-sim,monash_australian_electricity,conformal,0.25416666666666665,0.5166666666666667,0.2375,0.17083333333333334,0.058333333333333334,0.0,0.05199305191777029,170.4888258813929
chronos2-w6-rtn-sim,monash_australian_electricity,before,0.08645833333333335,0.6541666666666667,0.49166666666666664,0.3416666666666667,0.23333333333333334,0.2833333333333333,0.03158122799673849,103.55703853607177
chronos2-w6-rtn-sim,monash_australian_electricity,sorted,0.07291666666666669,0.6666666666666666,0.49583333333333335,0.375,0.22916666666666666,0.0,0.031448060883083245,103.12037432776556
chronos2-w6-rtn-sim,monash_australian_electricity,conformal,0.1625,0.6583333333333333,0.3416666666666667,0.20833333333333334,0.14166666666666666,0.0,0.03672127284901025,120.41160235793502
chronos2-w8-bnb-int8,monash_australian_electricity,before,0.06770833333333334,0.6708333333333333,0.5333333333333333,0.43333333333333335,0.24166666666666667,0.09583333333333334,0.030701191222095192,100.67133687195954
chronos2-w8-bnb-int8,monash_australian_electricity,sorted,0.06979166666666668,0.6708333333333333,0.5333333333333333,0.43333333333333335,0.25,0.0,0.030696947571193862,100.65742164611815
chronos2-w8-bnb-int8,monash_australian_electricity,conformal,0.17500000000000002,0.6041666666666666,0.35,0.2125,0.13333333333333333,0.0,0.03556040726381901,116.60504353276006
chronos2-w8-gptq,monash_australian_electricity,before,0.053125,0.6958333333333333,0.5583333333333333,0.425,0.24166666666666667,0.0,0.031285682872362525,102.5879255605627
chronos2-w8-gptq,monash_australian_electricity,sorted,0.053125,0.6958333333333333,0.5583333333333333,0.425,0.24166666666666667,0.0,0.031285682872362525,102.5879255605627
chronos2-w8-gptq,monash_australian_electricity,conformal,0.18541666666666667,0.5583333333333333,0.37083333333333335,0.20833333333333334,0.12083333333333333,0.0,0.03640502460256437,119.3746024082325
chronos2-w8-hqq,monash_australian_electricity,before,0.06666666666666664,0.6791666666666667,0.5541666666666667,0.42916666666666664,0.2708333333333333,0.0,0.03075724139614942,100.85512928291602
chronos2-w8-hqq,monash_australian_electricity,sorted,0.06666666666666664,0.6791666666666667,0.5541666666666667,0.42916666666666664,0.2708333333333333,0.0,0.03075724139614942,100.85512928291602
chronos2-w8-hqq,monash_australian_electricity,conformal,0.16979166666666667,0.5875,0.39166666666666666,0.20416666666666666,0.1375,0.0,0.03540689143846923,116.10165448647957
chronos2-w8a16-rtn,monash_australian_electricity,before,0.06250000000000001,0.6708333333333333,0.5416666666666666,0.425,0.2375,0.09166666666666666,0.030848988725161414,101.15597514258491
chronos2-w8a16-rtn,monash_australian_electricity,sorted,0.06354166666666669,0.6708333333333333,0.5416666666666666,0.425,0.24166666666666667,0.0,0.03084459963643081,101.14158301600703
chronos2-w8a16-rtn,monash_australian_electricity,conformal,0.16979166666666667,0.5791666666666667,0.39166666666666666,0.2125,0.1375,0.0,0.03563979456185068,116.86535999298096
chronos2-w8a16-rtn-pt,monash_australian_electricity,before,0.06770833333333334,0.6458333333333334,0.5125,0.37916666666666665,0.20833333333333334,0.19583333333333333,0.030676431651560105,100.5901485217059
chronos2-w8a16-rtn-pt,monash_australian_electricity,sorted,0.06666666666666668,0.65,0.5083333333333333,0.3875,0.2125,0.0,0.030630116641872804,100.43827839038991
chronos2-w8a16-rtn-pt,monash_australian_electricity,conformal,0.1625,0.6833333333333333,0.37083333333333335,0.18333333333333332,0.1125,0.0,0.03530287587779893,115.7605802437111
chronos2-w8a16-torchao,monash_australian_electricity,before,0.06666666666666667,0.675,0.5458333333333333,0.42916666666666664,0.25833333333333336,0.09166666666666666,0.030830240330259218,101.09449785444473
chronos2-w8a16-torchao,monash_australian_electricity,sorted,0.06875,0.675,0.5458333333333333,0.43333333333333335,0.2625,0.0,0.030825714365506227,101.07965690188938
chronos2-w8a16-torchao,monash_australian_electricity,conformal,0.153125,0.65,0.4,0.2,0.1375,0.0,0.035590069232512796,116.70230718683312
chronos2-w8a8-torchao-dyn,monash_australian_electricity,before,0.06458333333333334,0.6708333333333333,0.525,0.42083333333333334,0.23333333333333334,0.09583333333333334,0.03087448822048216,101.23958975756611
chronos2-w8a8-torchao-dyn,monash_australian_electricity,sorted,0.06458333333333333,0.6708333333333333,0.525,0.425,0.22916666666666666,0.0,0.030869504604293455,101.22324813418918
chronos2-w8a8-torchao-dyn,monash_australian_electricity,conformal,0.16666666666666669,0.6625,0.3541666666666667,0.19583333333333333,0.12083333333333333,0.0,0.035833583239156024,117.50080651601156
chronos2-fp32,monash_car_parts,before,0.04420419821974227,0.8551879899030158,0.6081440148797662,0.3523648199814003,0.13415039192241265,0.1355958613812017,0.9610725860900625,0.4007980400872467
chronos2-fp32,monash_car_parts,sorted,0.04378072273149994,0.8565829679819317,0.6109007572738143,0.3556861963597715,0.13667463796997475,0.0,0.9610328740681024,0.4007814789025872
chronos2-fp32,monash_car_parts,conformal,0.007851733758469523,0.822306363757141,0.6015344758868075,0.39776803507373454,0.19466586953633586,0.0,0.9595857265758015,0.40017797206343036
chronos2-w2-rtn-sim,monash_car_parts,before,0.4831108011159825,0.03361232894911651,0.017603294805367344,0.009897701607546168,0.006443470174040122,0.543630017452007,1.5555047064012384,0.6486952668252275
chronos2-w2-rtn-sim,monash_car_parts,sorted,0.4828783047694965,0.03394446658695363,0.01750365351401621,0.01129267968646207,0.005745981134582171,0.0,1.5536828244303944,0.647935483710244
chronos2-w2-rtn-sim,monash_car_parts,conformal,0.000755613126079413,0.8000199282582702,0.5982795270360037,0.3998937159558921,0.2011757672379434,0.0,1.2492484754114797,0.5209766127695808
chronos2-w3-awq-rtn,monash_car_parts,before,0.29658230370665606,0.28231699216155176,0.34535671582303706,0.14172313006509898,0.044273947123688054,0.8359822986786337,1.1510495884683403,0.48002453277562374
chronos2-w3-awq-rtn,monash_car_parts,sorted,0.28581274079978747,0.4439683804968779,0.25053142022053937,0.1223927195429786,0.03985651654045436,0.0,1.1386304141515373,0.4748453394475456
chronos2-w3-awq-rtn,monash_car_parts,conformal,0.004621695230503535,0.8004849209512422,0.6093397103759798,0.39527700278995614,0.19606084761525175,0.0,1.0736543778483485,0.44774825190194845
chronos2-w3-gptaq,monash_car_parts,before,0.05768898631592931,0.867975288959745,0.5505845622425933,0.41188388468181214,0.30148133386475356,0.7151894789329344,0.973204629458094,0.4058574906163089
chronos2-w3-gptaq,monash_car_parts,sorted,0.08376511226252156,0.8959080643018467,0.6969908330011957,0.48462202736814136,0.2575395243789026,0.0,0.9704681534212872,0.40471629249228386
chronos2-w3-gptaq,monash_car_parts,conformal,0.03598711305965189,0.8559519064700412,0.6426531154510429,0.4292214693769098,0.21612196094061378,0.0,0.9663628670435176,0.40300425662941436
chronos2-w3-gptq,monash_car_parts,before,0.09766507240600501,0.9046432841769629,0.6437823834196891,0.5297595323502059,0.3124750896771622,0.6880453752181501,0.9822795221043962,0.40964201141034934
chronos2-w3-gptq,monash_car_parts,sorted,0.1659940879500465,0.9182941410920685,0.7724192905540056,0.6152185465656969,0.35804437358841507,0.0,0.9797114415040686,0.40857103957503277
chronos2-w3-gptq,monash_car_parts,conformal,0.09875282316992164,0.8871396306629468,0.7086488640892786,0.5187657765377973,0.2804570213896639,0.0,0.9750625297470044,0.4066322945231629
chronos2-w3-hqq,monash_car_parts,before,0.1855486913777069,0.910289624020194,0.8003520658961073,0.6622824498472167,0.3692706257473097,0.44455871353777116,1.0256993115420292,0.42774945382362545
chronos2-w3-hqq,monash_car_parts,sorted,0.18930184668526637,0.9126810150126212,0.8199481865284974,0.6506576325229175,0.37392055267702934,0.0,1.0246741609894237,0.4273219332198487
chronos2-w3-hqq,monash_car_parts,conformal,0.13970539391523845,0.90175368672778,0.780789159027501,0.5771223595057792,0.29915637039989373,0.0,1.0110492944425116,0.42163992762787883
chronos2-w3-rtn-sim,monash_car_parts,before,0.3864670519463265,0.22389398166600238,0.1581639431380364,0.05081705858907931,0.02125680882157566,0.6037771129394166,1.2077273779253597,0.5036609856925339
chronos2-w3-rtn-sim,monash_car_parts,sorted,0.386300983127408,0.2575395243789026,0.1259798060316195,0.05015278331340507,0.021123953766440814,0.0,1.2043791923581042,0.5022646851085545
chronos2-w3-rtn-sim,monash_car_parts,conformal,0.001203998937159563,0.8006509897701608,0.5984455958549223,0.39896373056994816,0.20157433240334796,0.0,1.0993375223383366,0.4584589454789476
chronos2-w4-awq-rtn,monash_car_parts,before,0.27891258137372127,0.5388933173907268,0.22136973561844028,0.08004517071874585,0.04404145077720207,0.6598105210670656,1.0590894792983014,0.44167422286666247
chronos2-w4-awq-rtn,monash_car_parts,sorted,0.24996678623621632,0.6457752092467118,0.2542513617643151,0.07483060980470307,0.02527567423940481,0.0,1.0519598361419282,0.43870093339305327
chronos2-w4-awq-rtn,monash_car_parts,conformal,0.01772452504317789,0.8326358442938754,0.6046565696824764,0.3751494619370267,0.19124485186661352,0.0,1.0225071186250925,0.42641820716941214
chronos2-w4-bnb-nf4,monash_car_parts,before,0.10916367742792614,0.4429387538195828,0.671814800053142,0.4065032549488508,0.20127540852929454,0.8409374220892546,0.9892604811606786,0.41255329485364284
chronos2-w4-bnb-nf4,monash_car_parts,sorted,0.024848877374784112,0.8461870599176299,0.6014016208316726,0.3615982463132722,0.18659492493689384,0.0,0.9823159113606701,0.40965718689532926
chronos2-w4-bnb-nf4,monash_car_parts,conformal,0.011829081971569025,0.8284841238209114,0.6017669722332935,0.3860103626943005,0.19692440547362827,0.0,0.9779443605797895,0.4078341102510906
chronos2-w4-gptaq-g64,monash_car_parts,before,0.03773415703467517,0.7300053142022054,0.5669589477879633,0.42643151321907796,0.2214693769097914,0.7485041136873598,0.9627459820365379,0.4014958997758328
chronos2-w4-gptaq-g64,monash_car_parts,sorted,0.03302278464195562,0.8463863425003322,0.641258137372127,0.4295203932509632,0.21492626544440016,0.0,0.9608513170926083,0.40070576383070244
chronos2-w4-gptaq-g64,monash_car_parts,conformal,0.01456423541915769,0.8247641822771357,0.6158163943138036,0.41381028298126743,0.20386608210442408,0.0,0.957969549104361,0.3995039743109591
chronos2-w4-gptq,monash_car_parts,before,0.04057393383818253,0.7632190779859174,0.5433771755015279,0.4114188919888402,0.2574730968513352,0.7118860633258539,0.9693704412267868,0.4042585113605533
chronos2-w4-gptq,monash_car_parts,sorted,0.03797163544572869,0.8508369868473495,0.6402949382223994,0.4364952836455427,0.22425933306762322,0.0,0.9675515672507555,0.40349998267571685
chronos2-w4-gptq,monash_car_parts,conformal,0.03062309020858242,0.8382821841371064,0.6343496745051149,0.4312807227314999,0.21857977946060847,0.0,0.9639865610083932,0.40201326092803863
chronos2-w4-gptq-g64,monash_car_parts,before,0.04125481599574863,0.7379101899827288,0.5888136043576458,0.4764846552411319,0.2152584030822373,0.7401520817751184,0.967970386486257,0.403674643706704
chronos2-w4-gptq-g64,monash_car_parts,sorted,0.03216753022452502,0.8447256543111465,0.6397967317656437,0.4397502324963465,0.20439750232496345,0.0,0.9663505936476776,0.40299913823037864
chronos2-w4-gptq-g64,monash_car_parts,conformal,0.022004118506709178,0.8272884283246977,0.6298990301580976,0.4275275674239405,0.20330144812010098,0.0,0.9633044375960839,0.4017287936248315
chronos2-w4-hqq,monash_car_parts,before,0.15071077454497145,0.3798658163943138,0.6270426464726983,0.26202338248970375,0.182310349408795,0.8522500623285963,0.9840282590665042,0.4103712907147278
chronos2-w4-hqq,monash_car_parts,sorted,0.027650458349940232,0.7945396572339577,0.5746313272220008,0.3501394978078916,0.170087684336389,0.0,0.9761507606235796,0.4070861216417452
chronos2-w4-hqq,monash_car_parts,conformal,0.005144812010096998,0.8101169124485187,0.6010030556662681,0.39109206855320844,0.19944865152119037,0.0,0.9727224485063384,0.40565640572092415
chronos2-w4-rtn-sim,monash_car_parts,before,0.30597349541650065,0.4817324299189584,0.19024843895310217,0.06406935033878039,0.040055799123156634,0.6712166542009474,1.0700474132657483,0.44624403218296577
chronos2-w4-rtn-sim,monash_car_parts,sorted,0.29174139763518003,0.5554337717550153,0.19161020326823436,0.06034940879500465,0.02564102564102564,0.0,1.063880026287926,0.4436720343453965
chronos2-w4-rtn-sim,monash_car_parts,conformal,0.012377109074000282,0.8219077985917365,0.6037930118241,0.3789026172445862,0.1972897568752491,0.0,1.0274252264791293,0.4284692156128586
chronos2-w6-rtn-sim,monash_car_parts,before,0.193011824099907,0.39411452105752626,0.442340906071476,0.23605021921084096,0.24455294273947123,0.906725255547245,0.9906824202085025,0.413146288964327
chronos2-w6-rtn-sim,monash_car_parts,sorted,0.10051315265045836,0.718745848279527,0.5028895974491829,0.2719210840972499,0.10439085957220673,0.0,0.9847394680597937,0.4106678876364678
chronos2-w6-rtn-sim,monash_car_parts,conformal,0.002617244586156482,0.8046034276604225,0.5973495416500598,0.3978012488375183,0.19898365882821842,0.0,0.9794527932220356,0.40846317496000656
chronos2-w8-bnb-int8,monash_car_parts,before,0.022982263850139455,0.8388468181214295,0.5756277401355122,0.42437225986448784,0.1956622824498472,0.6634567439541261,0.9628716121715883,0.401548291564583
chronos2-w8-bnb-int8,monash_car_parts,sorted,0.03599541650059782,0.8665470971170453,0.6286036933705328,0.43383818254284573,0.21499269297196757,0.0,0.96241725338832,0.40135880940426955
chronos2-w8-bnb-int8,monash_car_parts,conformal,0.008633917895575896,0.8298791018998273,0.5997409326424871,0.40407865019263983,0.19968114786767638,0.0,0.9613958440958541,0.4009328490257587
chronos2-w8-gptq,monash_car_parts,before,0.08698850803773084,0.8064301846685267,0.5339444665869536,0.23040387936760995,0.09412780656303972,0.3489778110196958,0.966692759752731,0.40314183245168356
chronos2-w8-gptq,monash_car_parts,sorted,0.08658163943138036,0.8111133253620301,0.5350073070280325,0.23900624418759134,0.09077321642088482,0.0,0.9665994318394634,0.4031029117236715
chronos2-w8-gptq,monash_car_parts,conformal,0.008222067224657896,0.8213431646074133,0.6056861963597715,0.40022585359372925,0.19436694566228244,0.0,0.9624279145606758,0.401363255454492
chronos2-w8-hqq,monash_car_parts,before,0.020027899561578313,0.7986913777069218,0.5751295336787565,0.3606682609273283,0.1853992294406802,0.5272064323111444,0.9612240468771555,0.40086120408494635
chronos2-w8-hqq,monash_car_parts,sorted,0.025659293211106667,0.8369868473495417,0.591669988043045,0.36551747043975025,0.17716221602231966,0.0,0.9610555582758961,0.40079093894354156
chronos2-w8-hqq,monash_car_parts,conformal,0.006073136707851728,0.8146007705593198,0.6011026969576192,0.39172313006509896,0.2003122093795669,0.0,0.9597313445648142,0.4002386994272555
chronos2-w8a16-rtn,monash_car_parts,before,0.037556463398432306,0.8611332536203002,0.6044240733359905,0.4566228244984722,0.22804570213896638,0.6699700822737472,0.9623840975095201,0.4013449823412228
chronos2-w8a16-rtn,monash_car_parts,sorted,0.0687026703866082,0.8843164607413312,0.6620499535007307,0.48206456755679555,0.2463796997475754,0.0,0.9619615343989744,0.40116875999447066
chronos2-w8a16-rtn,monash_car_parts,conformal,0.02437059917629862,0.8440281652716886,0.6173774412116381,0.4265975820379965,0.2094792081838714,0.0,0.9607509553764538,0.4006639097816778
chronos2-w8a16-rtn-pt,monash_car_parts,before,0.06909459279925603,0.6847017404012222,0.6529825959877773,0.37083167264514416,0.27892918825561314,0.7594427823485415,0.9697698841378808,0.40442509184386977
chronos2-w8a16-rtn-pt,monash_car_parts,sorted,0.036518533280191307,0.8001195695496214,0.6447123688056331,0.46881227580709445,0.23242991895841636,0.0,0.9680840439117202,0.40372204249221333
chronos2-w8a16-rtn-pt,monash_car_parts,conformal,0.017287764049422068,0.8098179885744653,0.6193370532748771,0.4198219742261193,0.22017404012222666,0.0,0.9661430727475866,0.40291259537062235
chronos2-w8a16-torchao,monash_car_parts,before,0.03415703467516936,0.8619303839511093,0.5848943802311678,0.4361299322439219,0.22346220273681414,0.6710919970082274,0.9629194415880653,0.4015682379626594
chronos2-w8a16-torchao,monash_car_parts,sorted,0.05732695629068687,0.8798990301580976,0.6530822372791285,0.4697422611930384,0.22658429653248305,0.0,0.9624993878270673,0.4013930620950132
chronos2-w8a16-torchao,monash_car_parts,conformal,0.021439484522386053,0.8371529161684602,0.6183406403613657,0.4214494486515212,0.20881493290819717,0.0,0.9611571921803106,0.40083332353580375
chronos2-w8a8-torchao-dyn,monash_car_parts,before,0.022550484920951228,0.832901554404145,0.5524445330144812,0.407865019263983,0.1981201009698419,0.6708426826227873,0.9638953033128956,0.401975203547121
chronos2-w8a8-torchao-dyn,monash_car_parts,sorted,0.026463066294672502,0.8542580045170719,0.6149860502192108,0.4294539657233958,0.20715424471901156,0.0,0.9634353312801933,0.40178338048206813
chronos2-w8a8-torchao-dyn,monash_car_parts,conformal,0.0073585093662813725,0.8223727912847084,0.6007705593197821,0.4061711173110137,0.19988043045037865,0.0,0.9622949231858099,0.401307793793046
chronos2-fp32,monash_cif_2016,before,0.10677083333333336,0.6747685185185185,0.46296296296296297,0.29050925925925924,0.14467592592592593,0.0011574074074074073,0.010882625291856175,469370.59910131886
chronos2-fp32,monash_cif_2016,sorted,0.10677083333333336,0.6747685185185185,0.46296296296296297,0.29050925925925924,0.14467592592592593,0.0,0.010882592774808627,469369.19663218304
chronos2-fp32,monash_cif_2016,conformal,0.019097222222222224,0.8055555555555556,0.6099537037037037,0.4305555555555556,0.23032407407407407,0.0,0.010882861128297125,469380.77079138526
chronos2-w2-rtn-sim,monash_cif_2016,before,0.4852430555555556,0.032407407407407406,0.016203703703703703,0.008101851851851851,0.0023148148148148147,0.5787037037037037,0.12607964566795318,5437849.529371747
chronos2-w2-rtn-sim,monash_cif_2016,sorted,0.4846643518518519,0.03356481481481482,0.015046296296296295,0.009259259259259259,0.003472222222222222,0.0,0.12593726301338684,5431708.526618904
chronos2-w2-rtn-sim,monash_cif_2016,conformal,0.042013888888888865,0.7233796296296297,0.5798611111111112,0.41203703703703703,0.25925925925925924,0.0,0.12595900651783404,5432646.329900303
chronos2-w3-awq-rtn,monash_cif_2016,before,0.20572916666666669,0.48842592592592593,0.41550925925925924,0.19328703703703703,0.0798611111111111,0.8159722222222222,0.022071353186832846,951943.4870217389
chronos2-w3-awq-rtn,monash_cif_2016,sorted,0.16319444444444445,0.6087962962962963,0.4097222222222222,0.2326388888888889,0.09606481481481481,0.0,0.021010202448818932,906175.7660646348
chronos2-w3-awq-rtn,monash_cif_2016,conformal,0.024710648148148148,0.7928240740740741,0.6006944444444444,0.4270833333333333,0.2638888888888889,0.0,0.021013635348955804,906323.827984501
chronos2-w3-gptaq,monash_cif_2016,before,0.0758101851851852,0.6851851851851852,0.48032407407407407,0.3506944444444444,0.18055555555555555,0.40046296296296297,0.010987936003897612,473912.6788547828
chronos2-w3-gptaq,monash_cif_2016,sorted,0.06655092592592596,0.7060185185185185,0.5,0.34953703703703703,0.17824074074074073,0.0,0.010907130092369115,470427.49783569167
chronos2-w3-gptaq,monash_cif_2016,conformal,0.02008101851851852,0.7997685185185185,0.6273148148148148,0.44907407407407407,0.2037037037037037,0.0,0.010907410221017658,470439.5798607606
chronos2-w3-gptq,monash_cif_2016,before,0.0434027777777778,0.7453703703703703,0.5509259259259259,0.3472222222222222,0.18287037037037038,0.3888888888888889,0.013112184649522879,565532.102725182
chronos2-w3-gptq,monash_cif_2016,sorted,0.034143518518518545,0.75,0.5648148148148148,0.36689814814814814,0.18171296296296297,0.0,0.013073309868066553,563855.4227906313
chronos2-w3-gptq,monash_cif_2016,conformal,0.020138888888888894,0.8125,0.6307870370370371,0.42592592592592593,0.1886574074074074,0.0,0.013073660823962292,563870.559614203
chronos2-w3-hqq,monash_cif_2016,before,0.14467592592592593,0.6342592592592593,0.3912037037037037,0.26273148148148145,0.13310185185185186,0.6747685185185185,0.02391323092515555,1031384.1765909056
chronos2-w3-hqq,monash_cif_2016,sorted,0.11747685185185185,0.6736111111111112,0.4537037037037037,0.2800925925925926,0.12268518518518519,0.0,0.02369174382464244,1021831.3774939036
chronos2-w3-hqq,monash_cif_2016,conformal,0.02118055555555553,0.7824074074074074,0.5995370370370371,0.4525462962962963,0.21412037037037038,0.0,0.023691798082279388,1021833.7176405942
chronos2-w3-rtn-sim,monash_cif_2016,before,0.2725694444444445,0.3923611111111111,0.34375,0.1284722222222222,0.04513888888888889,0.8148148148148148,0.026163145670147353,1128423.6136258245
chronos2-w3-rtn-sim,monash_cif_2016,sorted,0.2612847222222222,0.4849537037037037,0.2881944444444444,0.13425925925925927,0.047453703703703706,0.0,0.024840529718362352,1071378.8266354236
chronos2-w3-rtn-sim,monash_cif_2016,conformal,0.0269675925925926,0.7881944444444444,0.5856481481481481,0.43171296296296297,0.25,0.0,0.024846450438254994,1071634.1889003725
chronos2-w4-awq-rtn,monash_cif_2016,before,0.28761574074074076,0.3726851851851852,0.2604166666666667,0.1574074074074074,0.059027777777777776,0.7060185185185185,0.022326213295209705,962935.6730566097
chronos2-w4-awq-rtn,monash_cif_2016,sorted,0.2734375,0.43171296296296297,0.27199074074074076,0.14814814814814814,0.05439814814814815,0.0,0.021897008489163747,944423.9526262725
chronos2-w4-awq-rtn,monash_cif_2016,conformal,0.02523148148148148,0.7997685185185185,0.5833333333333334,0.42476851851851855,0.25925925925925924,0.0,0.021900227787454495,944562.801840216
chronos2-w4-bnb-nf4,monash_cif_2016,before,0.10445601851851852,0.65625,0.4849537037037037,0.3090277777777778,0.13194444444444445,0.44907407407407407,0.012807800438936735,552403.9286450992
chronos2-w4-bnb-nf4,monash_cif_2016,sorted,0.09751157407407407,0.6736111111111112,0.4930555555555556,0.30439814814814814,0.1388888888888889,0.0,0.012698386087978089,547684.8578251038
chronos2-w4-bnb-nf4,monash_cif_2016,conformal,0.02633101851851851,0.8090277777777778,0.6261574074074074,0.44675925925925924,0.22337962962962962,0.0,0.012699161326900795,547718.294091431
chronos2-w4-gptaq-g64,monash_cif_2016,before,0.07349537037037036,0.7048611111111112,0.5057870370370371,0.32175925925925924,0.1736111111111111,0.2175925925925926,0.010178716877694826,439010.8370763765
chronos2-w4-gptaq-g64,monash_cif_2016,sorted,0.06973379629629634,0.7060185185185185,0.5069444444444444,0.3275462962962963,0.18055555555555555,0.0,0.010124710737648975,436681.5375159626
chronos2-w4-gptaq-g64,monash_cif_2016,conformal,0.020254629629629622,0.8067129629629629,0.6307870370370371,0.4305555555555556,0.21296296296296297,0.0,0.01012488825012737,436689.19367760536
chronos2-w4-gptq,monash_cif_2016,before,0.07638888888888891,0.7141203703703703,0.4895833333333333,0.3229166666666667,0.16782407407407407,0.25,0.010378065788156109,447608.8099941272
chronos2-w4-gptq,monash_cif_2016,sorted,0.07146990740740744,0.7175925925925926,0.49537037037037035,0.3287037037037037,0.1724537037037037,0.0,0.010281522166258947,443444.85723144293
chronos2-w4-gptq,monash_cif_2016,conformal,0.013310185185185182,0.8090277777777778,0.6064814814814815,0.4375,0.20023148148148148,0.0,0.010281600056934515,443448.2166775394
chronos2-w4-gptq-g64,monash_cif_2016,before,0.08362268518518519,0.7037037037037037,0.4930555555555556,0.30439814814814814,0.16435185185185186,0.2326388888888889,0.010136255662079603,437179.4732576847
chronos2-w4-gptq-g64,monash_cif_2016,sorted,0.08015046296296297,0.7071759259259259,0.49537037037037035,0.3113425925925926,0.16550925925925927,0.0,0.010038724241021101,432972.9164475655
chronos2-w4-gptq-g64,monash_cif_2016,conformal,0.018229166666666657,0.8043981481481481,0.625,0.44212962962962965,0.2013888888888889,0.0,0.01003885840599001,432978.703019293
chronos2-w4-hqq,monash_cif_2016,before,0.1304976851851852,0.6087962962962963,0.4618055555555556,0.27662037037037035,0.13078703703703703,0.4398148148148148,0.011984454508895412,516892.7939614191
chronos2-w4-hqq,monash_cif_2016,sorted,0.11805555555555558,0.6365740740740741,0.47453703703703703,0.28703703703703703,0.12962962962962962,0.0,0.011265049561890677,485864.662245375
chronos2-w4-hqq,monash_cif_2016,conformal,0.021238425925925924,0.7858796296296297,0.6087962962962963,0.4236111111111111,0.23842592592592593,0.0,0.011266124378291165,485911.0193700845
chronos2-w4-rtn-sim,monash_cif_2016,before,0.3055555555555556,0.3414351851851852,0.23726851851851852,0.1527777777777778,0.046296296296296294,0.7071759259259259,0.026957552549249326,1162686.5991439726
chronos2-w4-rtn-sim,monash_cif_2016,sorted,0.29224537037037035,0.39351851851851855,0.24537037037037038,0.13773148148148148,0.05439814814814815,0.0,0.026276573183400414,1133315.7732309157
chronos2-w4-rtn-sim,monash_cif_2016,conformal,0.03217592592592593,0.7881944444444444,0.5752314814814815,0.41782407407407407,0.2743055555555556,0.0,0.026279865548473034,1133457.773835104
chronos2-w6-rtn-sim,monash_cif_2016,before,0.1383101851851852,0.6053240740740741,0.4409722222222222,0.2673611111111111,0.13310185185185186,0.3229166666666667,0.012606761945861788,543733.0835680728
chronos2-w6-rtn-sim,monash_cif_2016,sorted,0.13368055555555555,0.6226851851851852,0.4386574074074074,0.28125,0.12268518518518519,0.0,0.012188209204446137,525680.7895925759
chronos2-w6-rtn-sim,monash_cif_2016,conformal,0.021238425925925924,0.7893518518518519,0.6134259259259259,0.41898148148148145,0.24189814814814814,0.0,0.012188976105455445,525713.8662424224
chronos2-w8-bnb-int8,monash_cif_2016,before,0.11226851851851852,0.6689814814814815,0.4513888888888889,0.29050925925925924,0.1400462962962963,0.03587962962962963,0.011595914829785019,500134.97155480244
chronos2-w8-bnb-int8,monash_cif_2016,sorted,0.11226851851851852,0.6689814814814815,0.4513888888888889,0.29050925925925924,0.1400462962962963,0.0,0.011579193696644988,499413.78451866854
chronos2-w8-bnb-int8,monash_cif_2016,conformal,0.020949074074074106,0.7997685185185185,0.6226851851851852,0.4340277777777778,0.22685185185185186,0.0,0.011579446844467618,499424.70285335183
chronos2-w8-gptq,monash_cif_2016,before,0.09027777777777778,0.6932870370370371,0.4849537037037037,0.3020833333333333,0.15856481481481483,0.006944444444444444,0.010729217037138734,462754.0592046729
chronos2-w8-gptq,monash_cif_2016,sorted,0.08998842592592593,0.6932870370370371,0.4849537037037037,0.3020833333333333,0.1597222222222222,0.0,0.010728340821663922,462716.2677920934
chronos2-w8-gptq,monash_cif_2016,conformal,0.017650462962962965,0.8020833333333334,0.6111111111111112,0.43287037037037035,0.22453703703703703,0.0,0.010728619893938801,462728.3042554778
chronos2-w8-hqq,monash_cif_2016,before,0.10503472222222222,0.6736111111111112,0.46296296296296297,0.29282407407407407,0.15046296296296297,0.006944444444444444,0.010915669253042819,470795.7941661955
chronos2-w8-hqq,monash_cif_2016,sorted,0.10503472222222222,0.6736111111111112,0.46296296296296297,0.29282407407407407,0.15046296296296297,0.0,0.010914625959377582,470750.79662566114
chronos2-w8-hqq,monash_cif_2016,conformal,0.018807870370370364,0.8032407407407407,0.6111111111111112,0.4340277777777778,0.22685185185185186,0.0,0.010914795213222063,470758.0965901692
chronos2-w8a16-rtn,monash_cif_2016,before,0.1076388888888889,0.6770833333333334,0.46064814814814814,0.29282407407407407,0.1388888888888889,0.03587962962962963,0.01087680480431306,469119.5598849619
chronos2-w8a16-rtn,monash_cif_2016,sorted,0.1076388888888889,0.6770833333333334,0.46064814814814814,0.29282407407407407,0.1388888888888889,0.0,0.010865362265611604,468626.0400676839
chronos2-w8a16-rtn,monash_cif_2016,conformal,0.01649305555555553,0.8043981481481481,0.6087962962962963,0.4270833333333333,0.22569444444444445,0.0,0.010865707774341819,468640.9419535198
chronos2-w8a16-rtn-pt,monash_cif_2016,before,0.1226851851851852,0.6631944444444444,0.46064814814814814,0.2523148148148148,0.13310185185185186,0.2037037037037037,0.011271187543348389,486129.3950609241
chronos2-w8a16-rtn-pt,monash_cif_2016,sorted,0.12210648148148148,0.6643518518518519,0.4618055555555556,0.2604166666666667,0.125,0.0,0.011144506159368604,480665.59239392687
chronos2-w8a16-rtn-pt,monash_cif_2016,conformal,0.016493055555555552,0.8009259259259259,0.6064814814814815,0.42592592592592593,0.2326388888888889,0.0,0.011144985827930384,480686.28062991536
chronos2-w8a16-torchao,monash_cif_2016,before,0.10995370370370372,0.6736111111111112,0.4548611111111111,0.2881944444444444,0.14351851851851852,0.03935185185185185,0.010975202854494416,473363.4946456842
chronos2-w8a16-torchao,monash_cif_2016,sorted,0.10995370370370372,0.6736111111111112,0.4548611111111111,0.2881944444444444,0.14351851851851852,0.0,0.010962403908216204,472811.4725994078
chronos2-w8a16-torchao,monash_cif_2016,conformal,0.020254629629629622,0.8055555555555556,0.6087962962962963,0.4340277777777778,0.2326388888888889,0.0,0.010962753633795399,472826.5563590913
chronos2-w8a8-torchao-dyn,monash_cif_2016,before,0.11226851851851855,0.6724537037037037,0.44907407407407407,0.2881944444444444,0.1412037037037037,0.04050925925925926,0.011641271512601241,502091.2176641517
chronos2-w8a8-torchao-dyn,monash_cif_2016,sorted,0.11226851851851855,0.6724537037037037,0.44907407407407407,0.2881944444444444,0.1412037037037037,0.0,0.011619989277010622,501173.3090344334
chronos2-w8a8-torchao-dyn,monash_cif_2016,conformal,0.022569444444444434,0.8055555555555556,0.6203703703703703,0.42824074074074076,0.2361111111111111,0.0,0.01162025895573541,501184.94035143877
chronos2-fp32,monash_covid_deaths,before,0.02026942355889727,0.7697994987468672,0.6038847117794486,0.3825814536340852,0.17042606516290726,0.17769423558897243,0.03921346012733307,104.22047782342743
chronos2-fp32,monash_covid_deaths,sorted,0.020175438596491256,0.7697994987468672,0.6040100250626567,0.38320802005012533,0.17030075187969926,0.0,0.03921231148609827,104.21742499570067
chronos2-fp32,monash_covid_deaths,conformal,0.006265664160401002,0.8023809523809524,0.5864661654135338,0.39837092731829576,0.1924812030075188,0.0,0.0391616206720952,104.08270031597326
chronos2-w2-rtn-sim,monash_covid_deaths,before,0.3950501253132832,0.1305764411027569,0.1286967418546366,0.08458646616541353,0.07593984962406015,0.5666666666666667,0.6741504920272093,1791.7390145074376
chronos2-w2-rtn-sim,monash_covid_deaths,sorted,0.39085213032581456,0.1307017543859649,0.12857142857142856,0.10112781954887218,0.0761904761904762,0.0,0.6737261385970879,1790.611179393942
chronos2-w2-rtn-sim,monash_covid_deaths,conformal,0.009116541353383432,0.800125313283208,0.5972431077694236,0.374937343358396,0.20852130325814536,0.0,0.6591351813128105,1751.831726238553
chronos2-w3-awq-rtn,monash_covid_deaths,before,0.1912593984962406,0.34887218045112783,0.6464912280701754,0.2349624060150376,0.09761904761904762,0.8705513784461153,0.17839180311106936,474.12492801315295
chronos2-w3-awq-rtn,monash_covid_deaths,sorted,0.12838345864661654,0.7171679197994988,0.4298245614035088,0.21140350877192982,0.1280701754385965,0.0,0.16519951423950277,439.06281808164505
chronos2-w3-awq-rtn,monash_covid_deaths,conformal,0.005388471177944852,0.8010025062656642,0.5921052631578947,0.3966165413533835,0.20927318295739347,0.0,0.1644800143783592,437.1505507357189
chronos2-w3-gptaq,monash_covid_deaths,before,0.07048872180451128,0.7100250626566416,0.5007518796992482,0.39786967418546365,0.29060150375939847,0.7349624060150376,0.03803534658895803,101.08931940228847
chronos2-w3-gptaq,monash_covid_deaths,sorted,0.0407894736842105,0.8071428571428572,0.6372180451127819,0.4521303258145363,0.26666666666666666,0.0,0.03750177333407602,99.67120278118358
chronos2-w3-gptaq,monash_covid_deaths,conformal,0.007800751879699239,0.8003759398496241,0.5928571428571429,0.3906015037593985,0.18571428571428572,0.0,0.03748984706003633,99.63950545136284
chronos2-w3-gptq,monash_covid_deaths,before,0.03750000000000001,0.744235588972431,0.5441102756892231,0.3713032581453634,0.19035087719298247,0.7855889724310777,0.03877677310479905,103.05986282031367
chronos2-w3-gptq,monash_covid_deaths,sorted,0.01958020050125313,0.8056390977443609,0.625062656641604,0.4284461152882206,0.21917293233082707,0.0,0.03820661515836476,101.54451239167894
chronos2-w3-gptq,monash_covid_deaths,conformal,0.019736842105263143,0.8290726817042606,0.6241854636591478,0.41152882205513786,0.18583959899749372,0.0,0.03820263219432046,101.53392657715241
chronos2-w3-hqq,monash_covid_deaths,before,0.2463032581453634,0.4849624060150376,0.2621553884711779,0.15588972431077694,0.11177944862155388,0.9798245614035088,0.06980908357396984,185.5367015017231
chronos2-w3-hqq,monash_covid_deaths,sorted,0.12377819548872182,0.6681704260651629,0.4280701754385965,0.27844611528822055,0.13020050125313284,0.0,0.04638548060636141,123.28208062146076
chronos2-w3-hqq,monash_covid_deaths,conformal,0.011591478696741812,0.837593984962406,0.5959899749373434,0.4020050125313283,0.20275689223057644,0.0,0.046379925583273376,123.26731663076276
chronos2-w3-rtn-sim,monash_covid_deaths,before,0.33208020050125314,0.14285714285714285,0.281203007518797,0.1337092731829574,0.11390977443609022,0.8523809523809524,0.23376286310929503,621.2886394496328
chronos2-w3-rtn-sim,monash_covid_deaths,sorted,0.33201754385964916,0.2832080200501253,0.14398496240601505,0.1307017543859649,0.11403508771929824,0.0,0.21733466475959673,577.626216490171
chronos2-w3-rtn-sim,monash_covid_deaths,conformal,0.016040100250626556,0.8126566416040101,0.5924812030075188,0.3805764411027569,0.22456140350877193,0.0,0.21466482716893157,570.5303940734158
chronos2-w4-awq-rtn,monash_covid_deaths,before,0.3488721804511278,0.156265664160401,0.1443609022556391,0.16641604010025063,0.137468671679198,0.9697994987468672,0.24217614824186467,643.649242001254
chronos2-w4-awq-rtn,monash_covid_deaths,sorted,0.28402255639097745,0.3076441102756892,0.24022556390977443,0.18333333333333332,0.13270676691729325,0.0,0.2151368399718779,571.7848969839497
chronos2-w4-awq-rtn,monash_covid_deaths,conformal,0.012875939849624034,0.8048872180451128,0.5927318295739349,0.3800751879699248,0.2194235588972431,0.0,0.2117098897819147,562.6768410991771
chronos2-w4-bnb-nf4,monash_covid_deaths,before,0.19890350877192983,0.4807017543859649,0.29699248120300753,0.2699248120300752,0.15676691729323308,0.8385964912280702,0.09788141801287897,260.1465956386307
chronos2-w4-bnb-nf4,monash_covid_deaths,sorted,0.1299812030075188,0.6328320802005013,0.43834586466165415,0.2883458646616541,0.12055137844611528,0.0,0.09625449400599397,255.82260084629723
chronos2-w4-bnb-nf4,monash_covid_deaths,conformal,0.010087719298245604,0.8114035087719298,0.5923558897243107,0.38734335839599,0.1913533834586466,0.0,0.09564152808041317,254.19347652403476
chronos2-w4-gptaq-g64,monash_covid_deaths,before,0.07941729323308272,0.6417293233082707,0.5253132832080201,0.3551378446115288,0.16015037593984963,0.5478696741854636,0.039761194329174965,105.67623102783301
chronos2-w4-gptaq-g64,monash_covid_deaths,sorted,0.04859022556390978,0.712155388471178,0.5451127819548872,0.36604010025062655,0.18233082706766918,0.0,0.039694480921196776,105.49892192952494
chronos2-w4-gptaq-g64,monash_covid_deaths,conformal,0.0035087719298245584,0.8010025062656642,0.600250626566416,0.3887218045112782,0.20150375939849624,0.0,0.03966632093335055,105.42407907252365
chronos2-w4-gptq,monash_covid_deaths,before,0.08872180451127822,0.6433583959899749,0.5105263157894737,0.3090225563909774,0.18220551378446115,0.562907268170426,0.03996167006871508,106.20905004709402
chronos2-w4-gptq,monash_covid_deaths,sorted,0.05864661654135341,0.7117794486215538,0.5540100250626566,0.3318295739348371,0.16779448621553886,0.0,0.03987145023979139,105.96926621651538
chronos2-w4-gptq,monash_covid_deaths,conformal,0.0032581453634085503,0.7984962406015037,0.599624060150376,0.3929824561403509,0.19586466165413532,0.0,0.03984173155987922,105.89028070973605
chronos2-w4-gptq-g64,monash_covid_deaths,before,0.08251879699248123,0.6541353383458647,0.5130325814536341,0.3231829573934837,0.17957393483709272,0.5428571428571428,0.0379893412393196,100.96704762351195
chronos2-w4-gptq-g64,monash_covid_deaths,sorted,0.04711779448621558,0.7224310776942355,0.5511278195488721,0.34711779448621555,0.19085213032581452,0.0,0.037915677408094234,100.77126587755833
chronos2-w4-gptq-g64,monash_covid_deaths,conformal,0.003132832080200508,0.7973684210526316,0.5978696741854637,0.39962406015037594,0.1926065162907268,0.0,0.03789871420292096,100.72618152787751
chronos2-w4-hqq,monash_covid_deaths,before,0.20789473684210524,0.4348370927318296,0.31716791979949877,0.2469924812030075,0.23057644110275688,0.843609022556391,0.07372701774456115,195.94968138194386
chronos2-w4-hqq,monash_covid_deaths,sorted,0.07537593984962407,0.6598997493734335,0.5013784461152883,0.3468671679197995,0.19035087719298247,0.0,0.07070438800255091,187.9162174903953
chronos2-w4-hqq,monash_covid_deaths,conformal,0.007299498746867146,0.8016290726817042,0.5834586466165413,0.4025062656641604,0.20852130325814536,0.0,0.07033764646687728,186.94150171776286
chronos2-w4-rtn-sim,monash_covid_deaths,before,0.3429511278195489,0.1568922305764411,0.14536340852130325,0.19962406015037593,0.12631578947368421,0.9894736842105263,0.24304381589491605,645.9553057125232
chronos2-w4-rtn-sim,monash_covid_deaths,sorted,0.29216791979949874,0.28408521303258144,0.22418546365914788,0.19486215538847118,0.1281954887218045,0.0,0.21369637148338452,567.9564586448466
chronos2-w4-rtn-sim,monash_covid_deaths,conformal,0.01218671679197992,0.8040100250626566,0.5909774436090226,0.37857142857142856,0.21428571428571427,0.0,0.21026354596727193,558.8327874765293
chronos2-w6-rtn-sim,monash_covid_deaths,before,0.23875313283208022,0.4359649122807018,0.262406015037594,0.156265664160401,0.20964912280701756,0.8516290726817043,0.06127177518914437,162.84647329173478
chronos2-w6-rtn-sim,monash_covid_deaths,sorted,0.14661654135338348,0.6157894736842106,0.4088972431077694,0.25764411027568923,0.131203007518797,0.0,0.059135675124573815,157.16920409168728
chronos2-w6-rtn-sim,monash_covid_deaths,conformal,0.007080200501253145,0.7988721804511278,0.5908521303258145,0.387593984962406,0.2056390977443609,0.0,0.05880035648317114,156.27800324084146
chronos2-w8-bnb-int8,monash_covid_deaths,before,0.10529448621553887,0.6804511278195489,0.4387218045112782,0.287593984962406,0.17205513784461152,0.5144110275689223,0.040784796232829136,108.39673258911829
chronos2-w8-bnb-int8,monash_covid_deaths,sorted,0.031203007518797003,0.7471177944862155,0.5586466165413534,0.3779448621553885,0.20852130325814536,0.0,0.04070066568235502,108.1731326787434
chronos2-w8-bnb-int8,monash_covid_deaths,conformal,0.0015037593984962572,0.8017543859649123,0.6022556390977444,0.3993734335839599,0.2013784461152882,0.0,0.04063879143492914,108.00868497097291
chronos2-w8-gptq,monash_covid_deaths,before,0.13536967418546367,0.6307017543859649,0.46942355889724313,0.2412280701754386,0.11716791979949874,0.23809523809523808,0.04137105248003187,109.95486864780925
chronos2-w8-gptq,monash_covid_deaths,sorted,0.1337719298245614,0.6340852130325815,0.47155388471177945,0.24235588972431077,0.11691729323308271,0.0,0.04136969675042098,109.95126542617595
chronos2-w8-gptq,monash_covid_deaths,conformal,0.004855889724310766,0.8021303258145364,0.5895989974937343,0.3981203007518797,0.2050125313283208,0.0,0.041305337060184605,109.78021197546744
chronos2-w8-hqq,monash_covid_deaths,before,0.02901002506265666,0.7431077694235589,0.5779448621553884,0.3651629072681704,0.19774436090225564,0.3283208020050125,0.04038491439267443,107.33393740811395
chronos2-w8-hqq,monash_covid_deaths,sorted,0.019298245614035106,0.7695488721804511,0.6067669172932331,0.4224310776942356,0.21754385964912282,0.0,0.04037796518748607,107.3154679977923
chronos2-w8-hqq,monash_covid_deaths,conformal,0.003101503759398515,0.7989974937343358,0.5908521303258145,0.3979949874686717,0.20025062656641604,0.0,0.04032387996628611,107.17172175407032
chronos2-w8a16-rtn,monash_covid_deaths,before,0.07922932330827068,0.7201754385964912,0.45513784461152884,0.3280701754385965,0.17969924812030075,0.5105263157894737,0.03970176578996546,105.51828345746685
chronos2-w8a16-rtn,monash_covid_deaths,sorted,0.02659774436090226,0.7667919799498747,0.5890977443609022,0.41466165413533834,0.24761904761904763,0.0,0.0396143389667231,105.28592280213789
chronos2-w8a16-rtn,monash_covid_deaths,conformal,0.0030075187969924658,0.8032581453634086,0.5961152882205514,0.40112781954887217,0.1962406015037594,0.0,0.03956201963562367,105.14686989354786
chronos2-w8a16-rtn-pt,monash_covid_deaths,before,0.19777568922305766,0.5691729323308271,0.368796992481203,0.1545112781954887,0.11641604010025063,0.7805764411027569,0.041550278154215525,110.4312098158927
chronos2-w8a16-rtn-pt,monash_covid_deaths,sorted,0.10886591478696744,0.6946115288220551,0.4730576441102757,0.2671679197994987,0.12969924812030076,0.0,0.040287249618635466,107.07436660299233
chronos2-w8a16-rtn-pt,monash_covid_deaths,conformal,0.0024122807017543588,0.8043859649122806,0.5973684210526315,0.4023809523809524,0.20025062656641604,0.0,0.040230564776974106,106.92371115804792
chronos2-w8a16-torchao,monash_covid_deaths,before,0.09426691729323311,0.7132832080200501,0.45112781954887216,0.3,0.15852130325814537,0.5347117794486216,0.04085835014554859,108.59222219662837
chronos2-w8a16-torchao,monash_covid_deaths,sorted,0.0237468671679198,0.7605263157894737,0.5788220551378446,0.39335839598997496,0.22769423558897242,0.0,0.0407781378070978,108.37903600460322
chronos2-w8a16-torchao,monash_covid_deaths,conformal,0.0031641604010024943,0.8025062656641604,0.5912280701754385,0.4,0.2013784461152882,0.0,0.0407175951586358,108.2181273846825
chronos2-w8a8-torchao-dyn,monash_covid_deaths,before,0.10961779448621557,0.6773182957393483,0.42857142857142855,0.28596491228070176,0.16967418546365914,0.5310776942355889,0.040920169066609106,108.75652285947565
chronos2-w8a8-torchao-dyn,monash_covid_deaths,sorted,0.03496240601503759,0.7364661654135338,0.5541353383458647,0.37218045112781956,0.2026315789473684,0.0,0.04084057114474305,108.54496964729556
chronos2-w8a8-torchao-dyn,monash_covid_deaths,conformal,0.0037280701754385873,0.8021303258145364,0.5946115288220551,0.3987468671679198,0.20614035087719298,0.0,0.04076246807458983,108.33738941172305
chronos2-fp32,monash_fred_md,before,0.07710280373831777,0.8870716510903427,0.7079439252336449,0.4618380062305296,0.2515576323987539,0.1588785046728972,0.019538684566489398,860.9303709815747
chronos2-fp32,monash_fred_md,sorted,0.07710280373831777,0.8870716510903427,0.7079439252336449,0.4672897196261682,0.24610591900311526,0.0,0.019536909148302608,860.852140974176
chronos2-fp32,monash_fred_md,conformal,0.02200155763239875,0.8208722741433022,0.6246105919003115,0.4205607476635514,0.2219626168224299,0.0,0.019536766143627246,860.8458397788322
chronos2-w2-rtn-sim,monash_fred_md,before,0.48500778816199386,0.03271028037383177,0.017133956386292833,0.005451713395638629,0.004672897196261682,0.5833333333333334,0.6152460186918162,27109.500709466283
chronos2-w2-rtn-sim,monash_fred_md,sorted,0.4842289719626168,0.03271028037383177,0.018691588785046728,0.00778816199376947,0.003894080996884735,0.0,0.614805382448266,27090.08501526554
chronos2-w2-rtn-sim,monash_fred_md,conformal,0.02862149532710282,0.7632398753894081,0.6105919003115264,0.40109034267912774,0.13395638629283488,0.0,0.6136039732291616,27037.14748606882
chronos2-w3-awq-rtn,monash_fred_md,before,0.1923676012461059,0.43146417445482865,0.4369158878504673,0.26090342679127726,0.10124610591900311,0.9197819314641744,0.09326598272023742,4109.56617013047
chronos2-w3-awq-rtn,monash_fred_md,sorted,0.022975077881619933,0.7990654205607477,0.5677570093457944,0.36993769470404986,0.17133956386292834,0.0,0.0731528301244298,3223.323093377175
chronos2-w3-awq-rtn,monash_fred_md,conformal,0.012227414330218074,0.8341121495327103,0.6059190031152648,0.39485981308411217,0.19626168224299065,0.0,0.07315229079463897,3223.2993289627734
chronos2-w3-gptaq,monash_fred_md,before,0.07398753894080998,0.7219626168224299,0.5085669781931464,0.31542056074766356,0.15809968847352024,0.5389408099688473,0.026299506200722675,1158.831524863938
chronos2-w3-gptaq,monash_fred_md,sorted,0.06542056074766357,0.7445482866043613,0.5210280373831776,0.3177570093457944,0.15498442367601245,0.0,0.026043340622619857,1147.544136225349
chronos2-w3-gptaq,monash_fred_md,conformal,0.0063473520249221,0.8037383177570093,0.589563862928349,0.3894080996884735,0.19937694704049844,0.0,0.026039960224195528,1147.3951861944693
chronos2-w3-gptq,monash_fred_md,before,0.18165887850467294,0.5669781931464174,0.3598130841121495,0.23130841121495327,0.11526479750778816,0.5225856697819314,0.04730739351375907,2084.4991744134486
chronos2-w3-gptq,monash_fred_md,sorted,0.18010124610591902,0.5693146417445483,0.3605919003115265,0.23286604361370716,0.11682242990654206,0.0,0.04697843266253955,2070.004217666741
chronos2-w3-gptq,monash_fred_md,conformal,0.0051012461059189995,0.8029595015576324,0.6121495327102804,0.39797507788161995,0.20327102803738317,0.0,0.04697873081432944,2070.0173550880554
chronos2-w3-hqq,monash_fred_md,before,0.2743380062305296,0.40109034267912774,0.235202492211838,0.14875389408099687,0.117601246105919,0.8419003115264797,0.16107113000879542,7097.255050154555
chronos2-w3-hqq,monash_fred_md,sorted,0.11214953271028037,0.7141744548286605,0.440809968847352,0.2733644859813084,0.12305295950155763,0.0,0.13406093350017556,5907.108475991939
chronos2-w3-hqq,monash_fred_md,conformal,0.005451713395638616,0.8146417445482866,0.6012461059190031,0.40109034267912774,0.20482866043613707,0.0,0.13405780806155757,5906.970760219941
chronos2-w3-rtn-sim,monash_fred_md,before,0.26168224299065423,0.26479750778816197,0.5295950155763239,0.12227414330218069,0.03660436137071651,0.9158878504672897,0.08402093917630479,3702.2030878854293
chronos2-w3-rtn-sim,monash_fred_md,sorted,0.24415887850467294,0.6152647975077882,0.26869158878504673,0.09890965732087227,0.040498442367601244,0.0,0.06974813327589385,3073.3024043735186
chronos2-w3-rtn-sim,monash_fred_md,conformal,0.01257788161993767,0.8107476635514018,0.6098130841121495,0.4190031152647975,0.18925233644859812,0.0,0.06972116998157257,3072.1143244439863
chronos2-w4-awq-rtn,monash_fred_md,before,0.36020249221183803,0.23208722741433022,0.14953271028037382,0.13317757009345793,0.04439252336448598,0.8504672897196262,0.13116176227377074,5779.362692953471
chronos2-w4-awq-rtn,monash_fred_md,sorted,0.3327492211838006,0.3325545171339564,0.19080996884735202,0.102803738317757,0.042834890965732085,0.0,0.10612832038211512,4676.317585623548
chronos2-w4-awq-rtn,monash_fred_md,conformal,0.017133956386292865,0.7904984423676013,0.6300623052959502,0.4166666666666667,0.18769470404984423,0.0,0.10604179532468351,4672.505043917361
chronos2-w4-bnb-nf4,monash_fred_md,before,0.0708722741433022,0.7492211838006231,0.5327102803738317,0.32242990654205606,0.11214953271028037,0.7024922118380063,0.026796947083445606,1180.7501940684435
chronos2-w4-bnb-nf4,monash_fred_md,sorted,0.031074766355140185,0.8496884735202492,0.6503115264797508,0.4057632398753894,0.18146417445482865,0.0,0.025308735653156996,1115.1753384829838
chronos2-w4-bnb-nf4,monash_fred_md,conformal,0.01577102803738318,0.8271028037383178,0.6269470404984424,0.40809968847352024,0.20093457943925233,0.0,0.025307423352538067,1115.1175147612869
chronos2-w4-gptaq-g64,monash_fred_md,before,0.06269470404984423,0.8746105919003115,0.6915887850467289,0.45249221183800625,0.23208722741433022,0.3317757009345794,0.020841880443920907,918.3529117058891
chronos2-w4-gptaq-g64,monash_fred_md,sorted,0.06892523364485979,0.8761682242990654,0.7001557632398754,0.45872274143302183,0.24065420560747663,0.0,0.020783351719296142,915.773968561953
chronos2-w4-gptaq-g64,monash_fred_md,conformal,0.02024922118380059,0.8263239875389408,0.6230529595015576,0.42133956386292837,0.2102803738317757,0.0,0.020782875933470016,915.7530040765292
chronos2-w4-gptq,monash_fred_md,before,0.03197040498442368,0.8489096573208723,0.6409657320872274,0.3940809968847352,0.23208722741433022,0.3333333333333333,0.023494948040357608,1035.2546643426504
chronos2-w4-gptq,monash_fred_md,sorted,0.033683800623052956,0.852803738317757,0.6425233644859814,0.40498442367601245,0.23442367601246106,0.0,0.02343055872530122,1032.4174868085074
chronos2-w4-gptq,monash_fred_md,conformal,0.007788161993769471,0.8177570093457944,0.5973520249221184,0.397196261682243,0.20794392523364486,0.0,0.023429279126912273,1032.3611040406727
chronos2-w4-gptq-g64,monash_fred_md,before,0.014252336448598142,0.8115264797507789,0.602803738317757,0.38006230529595014,0.22274143302180685,0.31697819314641745,0.02363786504249575,1041.5519965530998
chronos2-w4-gptq-g64,monash_fred_md,sorted,0.011487538940809956,0.8185358255451713,0.5973520249221184,0.3917445482866044,0.21651090342679127,0.0,0.023599394042040516,1039.8568541507925
chronos2-w4-gptq-g64,monash_fred_md,conformal,0.013629283489096547,0.8068535825545171,0.5747663551401869,0.37772585669781933,0.20015576323987538,0.0,0.023597173107842585,1039.7589934326647
chronos2-w4-hqq,monash_fred_md,before,0.13590342679127726,0.6557632398753894,0.4384735202492212,0.235202492211838,0.12694704049844235,0.7336448598130841,0.028312803368039492,1247.543161067278
chronos2-w4-hqq,monash_fred_md,sorted,0.0496495327102804,0.7655763239875389,0.557632398753894,0.3372274143302181,0.1409657320872274,0.0,0.025786293531968957,1136.2179056205846
chronos2-w4-hqq,monash_fred_md,conformal,0.009190031152647979,0.7842679127725857,0.5919003115264797,0.40342679127725856,0.20950155763239875,0.0,0.02578651687636904,1136.2277468141697
chronos2-w4-rtn-sim,monash_fred_md,before,0.3703271028037384,0.21339563862928349,0.1409657320872274,0.12383177570093458,0.040498442367601244,0.8621495327102804,0.13665883460692396,6021.579435180373
chronos2-w4-rtn-sim,monash_fred_md,sorted,0.34345794392523366,0.31697819314641745,0.18146417445482865,0.0911214953271028,0.03660436137071651,0.0,0.11276592885506648,4968.789614925324
chronos2-w4-rtn-sim,monash_fred_md,conformal,0.016549844236760168,0.7827102803738317,0.633177570093458,0.411993769470405,0.19626168224299065,0.0,0.11269797796190291,4965.795504064856
chronos2-w6-rtn-sim,monash_fred_md,before,0.12507788161993771,0.6012461059190031,0.46417445482866043,0.24376947040498442,0.20950155763239875,0.6806853582554517,0.023873846215042252,1051.9500025055356
chronos2-w6-rtn-sim,monash_fred_md,sorted,0.08197040498442369,0.7087227414330218,0.49065420560747663,0.3177570093457944,0.15498442367601245,0.0,0.02221311284456236,978.7733363956316
chronos2-w6-rtn-sim,monash_fred_md,conformal,0.009968847352024898,0.8014018691588785,0.6105919003115264,0.38161993769470404,0.20950155763239875,0.0,0.022212173523073624,978.731947202054
chronos2-w8-bnb-int8,monash_fred_md,before,0.05432242990654205,0.8746105919003115,0.6588785046728972,0.4392523364485981,0.24454828660436137,0.36682242990654207,0.023735415971045698,1045.8503697020344
chronos2-w8-bnb-int8,monash_fred_md,sorted,0.0667834890965732,0.8785046728971962,0.6861370716510904,0.4485981308411215,0.2538940809968847,0.0,0.023663321047628035,1042.6736610063879
chronos2-w8-bnb-int8,monash_fred_md,conformal,0.015576323987538936,0.8154205607476636,0.6121495327102804,0.4104361370716511,0.22429906542056074,0.0,0.023663227310647808,1042.6695306867196
chronos2-w8-gptq,monash_fred_md,before,0.07573987538940807,0.881619937694704,0.7071651090342679,0.4633956386292835,0.2507788161993769,0.14953271028037382,0.020342025048496852,896.3278521602917
chronos2-w8-gptq,monash_fred_md,sorted,0.07612928348909656,0.881619937694704,0.7071651090342679,0.4680685358255452,0.24766355140186916,0.0,0.02034030908254019,896.2522417883329
chronos2-w8-gptq,monash_fred_md,conformal,0.026285046728971945,0.8255451713395638,0.6285046728971962,0.42133956386292837,0.22975077881619937,0.0,0.020340168475015574,896.2460462183127
chronos2-w8-hqq,monash_fred_md,before,0.0809968847352025,0.8925233644859814,0.7017133956386293,0.4657320872274143,0.26401869158878505,0.21495327102803738,0.019697032753774317,867.907645380962
chronos2-w8-hqq,monash_fred_md,sorted,0.08294392523364487,0.8925233644859814,0.7024922118380063,0.47741433021806856,0.25934579439252337,0.0,0.019689399623031005,867.5713077907712
chronos2-w8-hqq,monash_fred_md,conformal,0.03095794392523362,0.8309968847352025,0.6230529595015576,0.43613707165109034,0.2336448598130841,0.0,0.01968924409795135,867.5644549105753
chronos2-w8a16-rtn,monash_fred_md,before,0.05938473520249222,0.8800623052959502,0.6674454828660437,0.4439252336448598,0.24610591900311526,0.3652647975077882,0.019237662057492985,847.6664575660033
chronos2-w8a16-rtn,monash_fred_md,sorted,0.07496105919003114,0.8847352024922118,0.6962616822429907,0.45872274143302183,0.2601246105919003,0.0,0.01915740136973272,844.1299419191314
chronos2-w8a16-rtn,monash_fred_md,conformal,0.01577102803738316,0.8169781931464174,0.6059190031152648,0.4135514018691589,0.2266355140186916,0.0,0.019157195796711157,844.1208837833536
chronos2-w8a16-rtn-pt,monash_fred_md,before,0.05899532710280374,0.735981308411215,0.5926791277258567,0.2616822429906542,0.17367601246105918,0.6152647975077882,0.019172068183347823,844.7762037103895
chronos2-w8a16-rtn-pt,monash_fred_md,sorted,0.03290498442367599,0.838006230529595,0.6635514018691588,0.4166666666666667,0.21339563862928349,0.0,0.01821787948288346,802.7319182273155
chronos2-w8a16-rtn-pt,monash_fred_md,conformal,0.009306853582554522,0.8068535825545171,0.6113707165109035,0.3886292834890966,0.1923676012461059,0.0,0.018217726081725442,802.7251589331864
chronos2-w8a16-torchao,monash_fred_md,before,0.0640576323987539,0.881619937694704,0.676791277258567,0.4485981308411215,0.24922118380062305,0.39641744548286606,0.019447399735072028,856.9081000088433
chronos2-w8a16-torchao,monash_fred_md,sorted,0.07866043613707165,0.8862928348909658,0.6939252336448598,0.471183800623053,0.2632398753894081,0.0,0.01936713123091463,853.3712399491396
chronos2-w8a16-torchao,monash_fred_md,conformal,0.015381619937694692,0.8200934579439252,0.6020249221183801,0.4151090342679128,0.22429906542056074,0.0,0.019367017926940868,853.366247451726
chronos2-w8a8-torchao-dyn,monash_fred_md,before,0.06152647975077881,0.8722741433021807,0.6713395638629284,0.4462616822429907,0.2562305295950156,0.39797507788161995,0.021948014413216293,967.092340673082
chronos2-w8a8-torchao-dyn,monash_fred_md,sorted,0.07184579439252337,0.8753894080996885,0.6892523364485982,0.4649532710280374,0.25778816199376947,0.0,0.021870435286177575,963.6739822675003
chronos2-w8a8-torchao-dyn,monash_fred_md,conformal,0.014408099688473508,0.8185358255451713,0.6090342679127726,0.40965732087227413,0.220404984423676,0.0,0.021870410740647796,963.6729007211974
chronos2-fp32,monash_hospital,before,0.0059756627553237615,0.8095393307257714,0.6054976097348979,0.4041720990873533,0.2046936114732725,0.0,0.0539174128611897,14.85233166372651
chronos2-fp32,monash_hospital,sorted,0.0059756627553237615,0.8095393307257714,0.6054976097348979,0.4041720990873533,0.2046936114732725,0.0,0.0539174128611897,14.85233166372651
chronos2-fp32,monash_hospital,conformal,0.0016297262059973908,0.8012820512820513,0.6000651890482399,0.4023250760538896,0.20284658843980877,0.0,0.053881363833599,14.842401437376253
chronos2-w2-rtn-sim,monash_hospital,before,0.45328118209474144,0.08594089526292917,0.05704041720990873,0.029335071707953065,0.014558887440243373,0.5835506301607997,0.10669697090988194,29.391224752351363
chronos2-w2-rtn-sim,monash_hospital,sorted,0.4517872664059105,0.08767926988265971,0.05823554976097349,0.03259452411994785,0.014341590612777053,0.0,0.10655138302589855,29.351120462764825
chronos2-w2-rtn-sim,monash_hospital,conformal,0.00042372881355932923,0.7996523250760539,0.6004997827031725,0.39960886571056065,0.20045632333767927,0.0,0.09969310223302945,27.46190776554401
chronos2-w3-awq-rtn,monash_hospital,before,0.13822794437201216,0.5853976531942634,0.5036940460669275,0.2669491525423729,0.09104737070838766,0.48489787049109084,0.058601577338749614,16.14265255815214
chronos2-w3-awq-rtn,monash_hospital,sorted,0.13594632768361584,0.6115819209039548,0.4881573229030856,0.2632551064754455,0.09322033898305085,0.0,0.05773539247915766,15.904049403177352
chronos2-w3-awq-rtn,monash_hospital,conformal,0.001086484137331617,0.7999782703172533,0.6021295089091699,0.4014558887440243,0.19926119078661453,0.0,0.05711690469571397,15.733677992491934
chronos2-w3-gptaq,monash_hospital,before,0.02368535419382877,0.8251847023033464,0.6267926988265972,0.4225336810082573,0.2202303346371143,0.025532377227292482,0.05311954497916958,14.63254740890505
chronos2-w3-gptaq,monash_hospital,sorted,0.023875488917861794,0.8252933507170795,0.6267926988265972,0.4230769230769231,0.22033898305084745,0.0,0.05309091764254257,14.624661594737221
chronos2-w3-gptaq,monash_hospital,conformal,0.00042372881355932923,0.8003042155584529,0.5993046501521078,0.3993915688830943,0.19991308126901347,0.0,0.05304381774370054,14.61168724597292
chronos2-w3-gptq,monash_hospital,before,0.04408409387222946,0.848109517601043,0.6536288570186876,0.44513255106475447,0.22946544980443284,0.021077792264232943,0.05338560687124175,14.705838007515702
chronos2-w3-gptq,monash_hospital,sorted,0.04411125597566274,0.848109517601043,0.6540634506736202,0.4446979574098218,0.22957409821816602,0.0,0.053360321086586456,14.698872672197318
chronos2-w3-gptq,monash_hospital,conformal,0.0005758365927857612,0.8006301607996523,0.6008257279443721,0.39950021729682744,0.20034767492394612,0.0,0.053197657391778244,14.654064603398496
chronos2-w3-hqq,monash_hospital,before,0.006546066927422864,0.7994350282485876,0.5895262929161235,0.39526292916123423,0.18959148196436332,0.09995654063450674,0.0538346234957163,14.829526134881755
chronos2-w3-hqq,monash_hospital,sorted,0.006002824858757076,0.7996523250760539,0.5911560191221208,0.3954802259887006,0.1897001303780965,0.0,0.053676760039571704,14.786040361291734
chronos2-w3-hqq,monash_hospital,conformal,0.0010647544545849957,0.7988917861799217,0.6014776184267709,0.3988483268144285,0.19947848761408082,0.0,0.05365754056265378,14.780746078231022
chronos2-w3-rtn-sim,monash_hospital,before,0.1846479791395046,0.5425901781833985,0.4313342025206432,0.2175141242937853,0.06996957844415472,0.4138418079096045,0.05965927771905718,16.434011434914666
chronos2-w3-rtn-sim,monash_hospital,sorted,0.18301825293350715,0.5649717514124294,0.41405910473707086,0.21664493698392004,0.07225119513255107,0.0,0.05909923374928508,16.279739218502137
chronos2-w3-rtn-sim,monash_hospital,conformal,0.0004454584963059713,0.7999782703172533,0.6001738374619731,0.4013472403302912,0.20023902651021294,0.0,0.05821931274398097,16.037352243401862
chronos2-w4-awq-rtn,monash_hospital,before,0.055872446762277296,0.7634724033029118,0.5499782703172533,0.3264884832681443,0.1365710560625815,0.11527596697088223,0.055605391758004816,15.317309879232013
chronos2-w4-awq-rtn,monash_hospital,sorted,0.05513906996957847,0.7659713168187744,0.5519339417644502,0.3246414602346806,0.13689700130378096,0.0,0.05539189183939405,15.258498236886538
chronos2-w4-awq-rtn,monash_hospital,conformal,0.001472186006084307,0.8025858322468492,0.6023468057366362,0.39928292046936115,0.20023902651021294,0.0,0.055303883997083136,15.234255203075254
chronos2-w4-bnb-nf4,monash_hospital,before,0.007100173837461969,0.7888961321164711,0.6084311169056932,0.403954802259887,0.2049109083007388,0.03498478922207736,0.054487183390888955,15.009283201833448
chronos2-w4-bnb-nf4,monash_hospital,sorted,0.00671990438939591,0.7898739678400696,0.6077792264232942,0.4037375054324207,0.2052368535419383,0.0,0.05446770331083981,15.003917131868803
chronos2-w4-bnb-nf4,monash_hospital,conformal,0.0008311603650586474,0.8005215123859192,0.6016949152542372,0.40004345936549324,0.19893524554541503,0.0,0.054431163664937776,14.993851757604475
chronos2-w4-gptaq-g64,monash_hospital,before,0.012657540199913074,0.8124728378965667,0.6152759669708823,0.41297262059973927,0.20990873533246415,0.0031508039982616255,0.05314154963950654,14.638608911045617
chronos2-w4-gptaq-g64,monash_hospital,sorted,0.012657540199913074,0.8124728378965667,0.6152759669708823,0.41297262059973927,0.20990873533246415,0.0,0.053141054414645304,14.638472494190713
chronos2-w4-gptaq-g64,monash_hospital,conformal,0.0005758365927857542,0.8003042155584529,0.6002824858757062,0.39841373315949585,0.2001303780964798,0.0,0.05311318061119075,14.630794251640342
chronos2-w4-gptq,monash_hospital,before,0.017057800956106026,0.8189917427205563,0.6187527162103433,0.41449369839200345,0.21599304650152107,0.009452411994784877,0.05342039268190771,14.715420262482803
chronos2-w4-gptq,monash_hospital,sorted,0.01705780095610604,0.8189917427205563,0.6187527162103433,0.41460234680573665,0.21588439808778792,0.0,0.05341478356556343,14.71387515021082
chronos2-w4-gptq,monash_hospital,conformal,0.000706214689265551,0.7999782703172533,0.5998478922207736,0.39765319426336376,0.19969578444154715,0.0,0.05338111452555093,14.70460052588208
chronos2-w4-gptq-g64,monash_hospital,before,0.01466753585397651,0.8173620165145589,0.6165797479356802,0.41395045632333766,0.21077792264232942,0.0047805302042590175,0.053039358677649605,14.610458931697723
chronos2-w4-gptq-g64,monash_hospital,sorted,0.014694697957409804,0.8173620165145589,0.6165797479356802,0.41395045632333766,0.2108865710560626,0.0,0.0530388108842719,14.610308034084184
chronos2-w4-gptq-g64,monash_hospital,conformal,0.0009289439374185124,0.8022598870056498,0.6007170795306388,0.3993915688830943,0.2001303780964798,0.0,0.05300663964436325,14.60144600047017
chronos2-w4-hqq,monash_hospital,before,0.0073663624511082285,0.7825945241199479,0.6021295089091699,0.3966753585397653,0.1933941764450239,0.031182094741416776,0.05357661534610478,14.758454056185398
chronos2-w4-hqq,monash_hospital,sorted,0.006986093003042183,0.7835723598435462,0.6014776184267709,0.396458061712299,0.19350282485875706,0.0,0.05356124405768772,14.75421981233811
chronos2-w4-hqq,monash_hospital,conformal,0.0009941329856584177,0.8011734028683182,0.5989787049109083,0.39950021729682744,0.1987179487179487,0.0,0.053532495961596274,14.746300733228175
chronos2-w4-rtn-sim,monash_hospital,before,0.05981095176010432,0.7593437635810517,0.5478053020425901,0.3237722729248153,0.1298348544111256,0.1196219035202086,0.055514353141418345,15.292231974785262
chronos2-w4-rtn-sim,monash_hospital,sorted,0.05896892655367232,0.7619513255106476,0.5494350282485876,0.3220338983050847,0.13070404172099087,0.0,0.055301824784856284,15.233687963266517
chronos2-w4-rtn-sim,monash_hospital,conformal,0.0007333767926988033,0.8016079965232508,0.6003911342894394,0.40004345936549324,0.2008909169926119,0.0,0.05520790179772747,15.207815517211353
chronos2-w6-rtn-sim,monash_hospital,before,0.011283137766188639,0.7815080399826162,0.5859408952629291,0.3915688830943068,0.20415036940460668,0.014232942199043894,0.05340250062419295,14.710491636251977
chronos2-w6-rtn-sim,monash_hospital,sorted,0.01120165145588875,0.7818339852238158,0.5857235984354628,0.39167753150803997,0.20404172099087353,0.0,0.05339852639572637,14.709396877505947
chronos2-w6-rtn-sim,monash_hospital,conformal,0.0008746197305519107,0.7991090830073881,0.5997392438070405,0.40069534984789223,0.20165145588874403,0.0,0.05336089853587253,14.699031738959999
chronos2-w8-bnb-int8,monash_hospital,before,0.004644719687092555,0.8089960886571056,0.6020208604954368,0.40569317687961753,0.20186875271621035,0.0003259452411994785,0.053934176451434224,14.85694943726152
chronos2-w8-bnb-int8,monash_hospital,sorted,0.004644719687092555,0.8089960886571056,0.6020208604954368,0.40569317687961753,0.20186875271621035,0.0,0.05393415163400814,14.856942600942348
chronos2-w8-bnb-int8,monash_hospital,conformal,0.0007985658409387433,0.799760973489787,0.5996305953933072,0.39906562364189485,0.20165145588874403,0.0,0.05389876856028274,14.84719582122195
chronos2-w8-gptq,monash_hospital,before,0.008393089960886557,0.8127987831377662,0.6074532811820947,0.4071056062581486,0.2062146892655367,0.0009778357235984355,0.05350449052181553,14.738586229546721
chronos2-w8-gptq,monash_hospital,sorted,0.008393089960886557,0.8127987831377662,0.6074532811820947,0.4071056062581486,0.2062146892655367,0.0,0.053504475687872234,14.738582143322366
chronos2-w8-gptq,monash_hospital,conformal,0.0006790525858322224,0.8007388092133855,0.6002824858757062,0.40091264667535853,0.20078226857887874,0.0,0.053472607742398426,14.729803656549695
chronos2-w8-hqq,monash_hospital,before,0.006301607996523247,0.809973924380704,0.6060408518035637,0.40384615384615385,0.20534550195567144,0.0,0.053890790109619204,14.844998041522791
chronos2-w8-hqq,monash_hospital,sorted,0.006301607996523247,0.809973924380704,0.6060408518035637,0.40384615384615385,0.20534550195567144,0.0,0.053890790109619204,14.844998041522791
chronos2-w8-hqq,monash_hospital,conformal,0.0011734028683181089,0.7991090830073881,0.5995219469795741,0.4004780530204259,0.20284658843980877,0.0,0.053854813421621434,14.835087742160303
chronos2-w8a16-rtn,monash_hospital,before,0.005432420686657953,0.8101912212081703,0.6045197740112994,0.4042807475010865,0.20273794002607562,0.0005432420686657974,0.05394820700325528,14.86081435581034
chronos2-w8a16-rtn,monash_hospital,sorted,0.005432420686657953,0.8101912212081703,0.6045197740112994,0.4042807475010865,0.20273794002607562,0.0,0.0539481573377095,14.860800674716995
chronos2-w8a16-rtn,monash_hospital,conformal,0.0007062146892655302,0.800412863972186,0.6000651890482399,0.40091264667535853,0.2014341590612777,0.0,0.053911456909875144,14.850691010742578
chronos2-w8a16-rtn-pt,monash_hospital,before,0.0033952629291611885,0.8020425901781834,0.5956106040851804,0.3949369839200348,0.20208604954367665,0.0029335071707953064,0.053633412129899104,14.77409955224282
chronos2-w8a16-rtn-pt,monash_hospital,sorted,0.0033409387222946146,0.8020425901781834,0.5957192524989136,0.3949369839200348,0.2019774011299435,0.0,0.05363298442037523,14.773981733464671
chronos2-w8a16-rtn-pt,monash_hospital,conformal,0.0009561060408518132,0.8005215123859192,0.6008257279443721,0.39928292046936115,0.20176010430247718,0.0,0.05359088221320032,14.762384071196516
chronos2-w8a16-torchao,monash_hospital,before,0.005052151238591894,0.809973924380704,0.6033246414602347,0.4036288570186875,0.2032811820947414,0.0001086484137331595,0.05395107636655913,14.861604763457718
chronos2-w8a16-torchao,monash_hospital,sorted,0.005052151238591894,0.809973924380704,0.6033246414602347,0.4036288570186875,0.2032811820947414,0.0,0.05395104861097169,14.861597117779482
chronos2-w8a16-torchao,monash_hospital,conformal,0.0010375923511516533,0.7994350282485876,0.5999565406345068,0.4004780530204259,0.2030638852672751,0.0,0.05391566867291837,14.851851201825339
chronos2-w8a8-torchao-dyn,monash_hospital,before,0.004074315514993453,0.8091047370708387,0.6026727509778357,0.4034115601912212,0.20110821382007824,0.000217296827466319,0.05394887884574748,14.860999424547693
chronos2-w8a8-torchao-dyn,monash_hospital,sorted,0.004074315514993453,0.8091047370708387,0.6026727509778357,0.4034115601912212,0.20110821382007824,0.0,0.05394885753078718,14.860993553033415
chronos2-w8a8-torchao-dyn,monash_hospital,conformal,0.000765971316818756,0.7995436766623207,0.5998478922207736,0.40004345936549324,0.20241199478487615,0.0,0.053912781236583746,14.851055815700079
chronos2-fp32,monash_m1_monthly,before,0.05672609400324151,0.7325769854132901,0.5316045380875203,0.3408968125337655,0.16801728795245813,0.0010804970286331713,0.14655726800430566,1540.068967345389
chronos2-fp32,monash_m1_monthly,sorted,0.05672609400324151,0.7325769854132901,0.5316045380875203,0.3408968125337655,0.16801728795245813,0.0,0.14655726690863982,1540.0689558317945
chronos2-fp32,monash_m1_monthly,conformal,0.004263461192148418,0.7934449846929588,0.6013866378534126,0.3944714568701603,0.20358364847830002,0.0,0.1465576094849502,1540.0725557293072
chronos2-w2-rtn-sim,monash_m1_monthly,before,0.4721997118674591,0.050783360345759046,0.03475598775436701,0.016297496848550332,0.009364307581487484,0.6106609040158473,0.28542955741254217,2999.3818097187172
chronos2-w2-rtn-sim,monash_m1_monthly,sorted,0.47102917341977313,0.051773815955339454,0.03457590491626148,0.019989195029713667,0.009544390419593013,0.0,0.28514074562319236,2996.3468863727926
chronos2-w2-rtn-sim,monash_m1_monthly,conformal,0.003264001440662724,0.7917341977309562,0.5994957680533045,0.3960021609940573,0.19971186745903116,0.0,0.28080807909483746,2950.8178903902835
chronos2-w3-awq-rtn,monash_m1_monthly,before,0.1855078336034576,0.48577345578966324,0.47893030794165314,0.22384296776517199,0.06942193408968125,0.7694939672249235,0.16262472128171304,1708.9107212465337
chronos2-w3-awq-rtn,monash_m1_monthly,sorted,0.16776967405006307,0.5994957680533045,0.4276066990815775,0.22384296776517199,0.07797586889969386,0.0,0.1580082693731469,1660.3996209753666
chronos2-w3-awq-rtn,monash_m1_monthly,conformal,0.001445164775796856,0.8020889609220241,0.6009364307581487,0.3974428236989015,0.1998019088780839,0.0,0.15796465651975555,1659.9413236626513
chronos2-w3-gptaq,monash_m1_monthly,before,0.021699981991716202,0.7771474878444085,0.5650099045560958,0.3782640014406627,0.1927786781919683,0.2454529083378354,0.14272923739472454,1499.8428412163803
chronos2-w3-gptaq,monash_m1_monthly,sorted,0.01780569061768414,0.7802088960922025,0.5724833423374752,0.3811453268503512,0.19493967224923464,0.0,0.14240304049176417,1496.4150635678595
chronos2-w3-gptaq,monash_m1_monthly,conformal,0.0036466774716369527,0.7995678011885468,0.5975148568341437,0.39402124977489644,0.1943093823158653,0.0,0.14240405415209134,1496.4257154231689
chronos2-w3-gptq,monash_m1_monthly,before,0.0038357644516477593,0.8019088780839186,0.5966144426436161,0.3974428236989015,0.19250855393481,0.23779938771835044,0.14741868452505683,1549.1209977880455
chronos2-w3-gptq,monash_m1_monthly,sorted,0.002732757068251393,0.8045200792364487,0.602016927786782,0.4027552674230146,0.1983612461732397,0.0,0.14706199501775796,1545.372794449862
chronos2-w3-gptq,monash_m1_monthly,conformal,0.0036781919683054123,0.8018188366648659,0.5994957680533045,0.39609220241311005,0.19151809832522962,0.0,0.14706317427474627,1545.3851864459534
chronos2-w3-hqq,monash_m1_monthly,before,0.08060958040698722,0.7103367549072573,0.487394201332613,0.3215379074374212,0.1582928146947596,0.44462452728255,0.14271032147400076,1499.6440668881455
chronos2-w3-hqq,monash_m1_monthly,sorted,0.06746353322528363,0.7283450387178102,0.5143165856293895,0.3294615523140645,0.1580226904376013,0.0,0.14098027674898744,1481.4642234085695
chronos2-w3-hqq,monash_m1_monthly,conformal,0.0016747703943813946,0.8005582567981271,0.5981451467675131,0.3961822438321628,0.19953178462092563,0.0,0.14098015068147277,1481.4628986522484
chronos2-w3-rtn-sim,monash_m1_monthly,before,0.25425445705024313,0.3893390959841527,0.3749324689357104,0.16594633531424455,0.05276427156491986,0.7649018548532325,0.1679383906103355,1764.7483971747315
chronos2-w3-rtn-sim,monash_m1_monthly,sorted,0.24527282549972992,0.4761390239510175,0.3220781559517378,0.16216459571402844,0.05852692238429678,0.0,0.1645338939497839,1728.972896391021
chronos2-w3-rtn-sim,monash_m1_monthly,conformal,0.0025616783720511654,0.7980370970646498,0.60390779758689,0.3969025751845849,0.19872141184945075,0.0,0.16436039217909285,1727.1496862803297
chronos2-w4-awq-rtn,monash_m1_monthly,before,0.17573833963623267,0.5808571943093823,0.3788042499549793,0.23743922204213938,0.09994597514856834,0.46029173419773095,0.1569993014035731,1649.7970744067422
chronos2-w4-awq-rtn,monash_m1_monthly,sorted,0.16668917702142985,0.5996758508914101,0.3927606699081578,0.23924005042319468,0.10156672069151809,0.0,0.15465906565543236,1625.2051554861603
chronos2-w4-awq-rtn,monash_m1_monthly,conformal,0.0020889609220241454,0.8018188366648659,0.6027372591392041,0.3965424095083738,0.2003421573924005,0.0,0.1545182510990547,1623.725432703518
chronos2-w4-bnb-nf4,monash_m1_monthly,before,0.0658427876823339,0.7176301098505312,0.5297136682874122,0.3319827120475419,0.15730235908517917,0.20151269584008644,0.14414013520360294,1514.6689904830637
chronos2-w4-bnb-nf4,monash_m1_monthly,sorted,0.06361426256077797,0.723842967765172,0.5298937511255177,0.3334233747523861,0.15838285611381236,0.0,0.14397979071308642,1512.9840411298735
chronos2-w4-bnb-nf4,monash_m1_monthly,conformal,0.0014316585629389825,0.7992976769313884,0.5999459751485683,0.3996038177561678,0.20457410408788043,0.0,0.14397961603578288,1512.9822055669008
chronos2-w4-gptaq-g64,monash_m1_monthly,before,0.043535026112011536,0.7478840266522601,0.5448406266882766,0.35377273545831084,0.17936250675310642,0.1091301998919503,0.1468998282031479,1543.6686955531304
chronos2-w4-gptaq-g64,monash_m1_monthly,sorted,0.042724653340536656,0.7495047721952098,0.5454709166216459,0.35593372951557717,0.1781919683054205,0.0,0.14683202151412048,1542.9561619546841
chronos2-w4-gptaq-g64,monash_m1_monthly,conformal,0.003160453808752045,0.7972267242931749,0.6024671348820457,0.3943814154511075,0.20178282009724474,0.0,0.14683313365412376,1542.9678486647986
chronos2-w4-gptq,monash_m1_monthly,before,0.037929947775976976,0.7534665946335314,0.5569962182603998,0.35692418512515756,0.1808932108770034,0.13803349540788762,0.14767472887045818,1551.8115907281738
chronos2-w4-gptq,monash_m1_monthly,sorted,0.036781919683054234,0.7557176301098505,0.5582567981271385,0.35854493066810733,0.18035296236268683,0.0,0.1475527001153855,1550.5292749387872
chronos2-w4-gptq,monash_m1_monthly,conformal,0.003142445524941473,0.7956960201692779,0.598955519538988,0.3959121195750045,0.20313344138303618,0.0,0.14755384596283602,1550.5413158571528
chronos2-w4-gptq-g64,monash_m1_monthly,before,0.03955069331892674,0.7550873401764812,0.5521339816315505,0.35692418512515756,0.17765171979110392,0.1078696200252116,0.14776791507453488,1552.7908200972622
chronos2-w4-gptq-g64,monash_m1_monthly,sorted,0.03883036196650462,0.7565280028813254,0.5522240230506033,0.3581847649918963,0.17774176121015667,0.0,0.14769676476000568,1552.04315065094
chronos2-w4-gptq-g64,monash_m1_monthly,conformal,0.0024716369529984225,0.7960561858454889,0.6012965964343598,0.395732036736899,0.19962182603997838,0.0,0.1476978252056598,1552.0542941408926
chronos2-w4-hqq,monash_m1_monthly,before,0.08490905816675672,0.6918782640014407,0.5082838105528543,0.31307401404646135,0.14712767873221683,0.21898073113632271,0.14427143930537162,1516.0487744758523
chronos2-w4-hqq,monash_m1_monthly,sorted,0.08211777417612101,0.6983612461732397,0.5078336034575905,0.3164055465514137,0.1489285071132721,0.0,0.14407053978062817,1513.9376603166913
chronos2-w4-hqq,monash_m1_monthly,conformal,0.0025121555915721336,0.7993877183504412,0.5972447325769854,0.39933369349900955,0.20601476679272465,0.0,0.14406866741167493,1513.9179848863316
chronos2-w4-rtn-sim,monash_m1_monthly,before,0.1878038897893031,0.5641094903655681,0.3639474158112732,0.2283450387178102,0.09238249594813615,0.47442823698901493,0.15705149396751775,1650.3455299637535
chronos2-w4-rtn-sim,monash_m1_monthly,sorted,0.17884476859355303,0.583288312623807,0.37916441563119035,0.22789483162254637,0.09427336574824419,0.0,0.1544751775092639,1623.272802139014
chronos2-w4-rtn-sim,monash_m1_monthly,conformal,0.0028993336934989983,0.8032594993697101,0.6046281289393121,0.3964523680893211,0.20016207455429497,0.0,0.1543287409566894,1621.7340016866312
chronos2-w6-rtn-sim,monash_m1_monthly,before,0.08324329191428059,0.6923284710967045,0.4968485503331532,0.3172159193228885,0.16063389159013147,0.1527102467134882,0.1470682567946248,1545.438595132179
chronos2-w6-rtn-sim,monash_m1_monthly,sorted,0.08162254637133082,0.6962902935350261,0.49729875742841706,0.31964703763731317,0.1602737259139204,0.0,0.1469731800260613,1544.4394991284528
chronos2-w6-rtn-sim,monash_m1_monthly,conformal,0.002755267423014608,0.7969566000360165,0.6007563479200432,0.3973527822798487,0.20457410408788043,0.0,0.14697111909022675,1544.417842179154
chronos2-w8-bnb-int8,monash_m1_monthly,before,0.06050783360345763,0.7295155771654961,0.5251215559157212,0.3393661084098685,0.16396542409508374,0.02025931928687196,0.1466290307900574,1540.8230728281912
chronos2-w8-bnb-int8,monash_m1_monthly,sorted,0.060260219701062524,0.7296956600036016,0.5251215559157212,0.3396362326670268,0.16450567260940033,0.0,0.14662631364418632,1540.7945202214673
chronos2-w8-bnb-int8,monash_m1_monthly,conformal,0.003885287232126798,0.7941653160453809,0.597784981091302,0.39627228525121555,0.20376373131640554,0.0,0.14662629289887483,1540.7943022233367
chronos2-w8-gptq,monash_m1_monthly,before,0.04830722132180806,0.7422114172519358,0.5416891770214298,0.35044120295335857,0.1724293174860436,0.002881325409688457,0.14541702666830544,1528.0869597604308
chronos2-w8-gptq,monash_m1_monthly,sorted,0.04828471096704487,0.7422114172519358,0.5416891770214298,0.35044120295335857,0.17251935890509634,0.0,0.1454170103978975,1528.0867887859663
chronos2-w8-gptq,monash_m1_monthly,conformal,0.003205474518278427,0.7962362686835944,0.602377093462993,0.3956419953178462,0.20232306861156132,0.0,0.14541804409351883,1528.0976511783253
chronos2-w8-hqq,monash_m1_monthly,before,0.05647848010084638,0.7338375652800289,0.5317846209256258,0.3402665226003962,0.16819737079056366,0.0032414910858995136,0.1464576828685608,1539.0224960290361
chronos2-w8-hqq,monash_m1_monthly,sorted,0.05645596974608318,0.7338375652800289,0.5317846209256258,0.3402665226003962,0.16828741220961643,0.0,0.1464576255548766,1539.021893759168
chronos2-w8-hqq,monash_m1_monthly,conformal,0.0035431298397263153,0.7946155231406447,0.6005762650819377,0.39483162254637133,0.20304339996398343,0.0,0.14645804443525579,1539.0262954833668
chronos2-w8a16-rtn,monash_m1_monthly,before,0.05834683954619126,0.733387358184765,0.5271024671348821,0.33981631550513236,0.1663065009904556,0.020799567801188548,0.14650084953080683,1539.4761046276017
chronos2-w8a16-rtn,monash_m1_monthly,sorted,0.0582342877723753,0.733387358184765,0.5271925085539348,0.33990635692418514,0.1665766252476139,0.0,0.1464978217372032,1539.4442876387072
chronos2-w8a16-rtn,monash_m1_monthly,conformal,0.003115433099225663,0.7957860615883307,0.6012965964343598,0.39456149828921305,0.20151269584008644,0.0,0.14649819987707435,1539.4482612490835
chronos2-w8a16-rtn-pt,monash_m1_monthly,before,0.06899423734918063,0.7225823878984333,0.5172879524581308,0.3218080316945795,0.16234467855213397,0.0829281469475959,0.14740750440105757,1549.0035135973478
chronos2-w8a16-rtn-pt,monash_m1_monthly,sorted,0.0682964163515217,0.7233927606699082,0.5173779938771835,0.3248694399423735,0.16117414010444805,0.0,0.14737635368660007,1548.6761722836084
chronos2-w8a16-rtn-pt,monash_m1_monthly,conformal,0.004443544030253946,0.7947055645596974,0.6027372591392041,0.39537187106068794,0.20511435260219701,0.0,0.1473757923491721,1548.6702735768106
chronos2-w8a16-torchao,monash_m1_monthly,before,0.05886457770574465,0.7317666126418152,0.5256618044300378,0.338825859895552,0.16828741220961643,0.02251035476319107,0.14653952175444818,1539.882484279319
chronos2-w8a16-torchao,monash_m1_monthly,sorted,0.0587970466414551,0.7317666126418152,0.5258418872681433,0.338825859895552,0.16837745362866918,0.0,0.14653634803576324,1539.8491338646704
chronos2-w8a16-torchao,monash_m1_monthly,conformal,0.003525121555915757,0.7954258959121195,0.5999459751485683,0.39474158112731855,0.20421393841166938,0.0,0.14653666015587813,1539.852413719089
chronos2-w8a8-torchao-dyn,monash_m1_monthly,before,0.06131820637493246,0.7283450387178102,0.5243111831442464,0.33657482441923287,0.16549612821898074,0.02278047902034936,0.14698501804961872,1544.5638967305892
chronos2-w8a8-torchao-dyn,monash_m1_monthly,sorted,0.06109310282730057,0.7283450387178102,0.5246713488204574,0.33684494867639114,0.16576625247613902,0.0,0.146981959443679,1544.5317559561656
chronos2-w8a8-torchao-dyn,monash_m1_monthly,conformal,0.00345759049162616,0.7947956059787502,0.5995858094723573,0.39627228525121555,0.20448406266882765,0.0,0.1469818597970178,1544.5307088383206
chronos2-fp32,monash_m1_quarterly,before,0.0783559113300493,0.6859605911330049,0.500615763546798,0.32450738916256155,0.17549261083743842,0.0,0.08337264341710232,1531.0835555358385
chronos2-fp32,monash_m1_quarterly,sorted,0.0783559113300493,0.6859605911330049,0.500615763546798,0.32450738916256155,0.17549261083743842,0.0,0.08337264341710232,1531.0835555358385
chronos2-fp32,monash_m1_quarterly,conformal,0.003940886699507394,0.8091133004926109,0.6003694581280788,0.40332512315270935,0.19704433497536947,0.0,0.08336950879348332,1531.0259902424862
chronos2-w2-rtn-sim,monash_m1_quarterly,before,0.4824507389162562,0.0332512315270936,0.01847290640394089,0.011699507389162561,0.0067733990147783255,0.4858374384236453,0.2203243197715384,4046.110679244988
chronos2-w2-rtn-sim,monash_m1_quarterly,sorted,0.4824507389162562,0.034482758620689655,0.017241379310344827,0.011699507389162561,0.0067733990147783255,0.0,0.2202469381450073,4044.6896167594227
chronos2-w2-rtn-sim,monash_m1_quarterly,conformal,0.013238916256157626,0.8041871921182266,0.583743842364532,0.38854679802955666,0.2210591133004926,0.0,0.21592419295188475,3965.3052550707803
chronos2-w3-awq-rtn,monash_m1_quarterly,before,0.19812192118226601,0.479064039408867,0.4876847290640394,0.17795566502463053,0.06280788177339902,0.7801724137931034,0.09790822293678778,1798.0198773390725
chronos2-w3-awq-rtn,monash_m1_quarterly,sorted,0.18165024630541876,0.5972906403940886,0.40086206896551724,0.19519704433497537,0.08004926108374384,0.0,0.09682429391538495,1778.1142364475488
chronos2-w3-awq-rtn,monash_m1_quarterly,conformal,0.005757389162561605,0.7967980295566502,0.6065270935960592,0.40701970443349755,0.2062807881773399,0.0,0.09674669182389918,1776.6891252686376
chronos2-w3-gptaq,monash_m1_quarterly,before,0.033866995073891654,0.7543103448275862,0.5504926108374384,0.37992610837438423,0.17980295566502463,0.29248768472906406,0.08483089899128175,1557.8634564467961
chronos2-w3-gptaq,monash_m1_quarterly,sorted,0.028171182266009842,0.7573891625615764,0.5541871921182266,0.38362068965517243,0.1921182266009852,0.0,0.084773913833008,1556.8169616354696
chronos2-w3-gptaq,monash_m1_quarterly,conformal,0.004156403940886684,0.8035714285714286,0.6022167487684729,0.40332512315270935,0.20751231527093597,0.0,0.08477499970231292,1556.8369029083872
chronos2-w3-gptq,monash_m1_quarterly,before,0.01600985221674879,0.7857142857142857,0.5812807881773399,0.3731527093596059,0.1958128078817734,0.26539408866995073,0.08303851405980639,1524.9474904740866
chronos2-w3-gptq,monash_m1_quarterly,sorted,0.012838669950738929,0.7894088669950738,0.5788177339901478,0.3811576354679803,0.20073891625615764,0.0,0.08297911383058049,1523.8566444791015
chronos2-w3-gptq,monash_m1_quarterly,conformal,0.005233990147783266,0.7980295566502463,0.5917487684729064,0.3910098522167488,0.19827586206896552,0.0,0.08297999840264729,1523.8728890611335
chronos2-w3-hqq,monash_m1_quarterly,before,0.16579433497536947,0.6120689655172413,0.34667487684729065,0.25061576354679804,0.12746305418719212,0.5757389162561576,0.08909470090154804,1636.1653636588667
chronos2-w3-hqq,monash_m1_quarterly,sorted,0.13008004926108377,0.6594827586206896,0.4273399014778325,0.2647783251231527,0.12807881773399016,0.0,0.08762153041597169,1609.111560246607
chronos2-w3-hqq,monash_m1_quarterly,conformal,0.007604679802955677,0.7980295566502463,0.5874384236453202,0.39532019704433496,0.21120689655172414,0.0,0.08760353202498367,1608.7810316782616
chronos2-w3-rtn-sim,monash_m1_quarterly,before,0.2954125615763547,0.31157635467980294,0.33866995073891626,0.1311576354679803,0.03694581280788178,0.7487684729064039,0.10754883456573848,1975.0633453810867
chronos2-w3-rtn-sim,monash_m1_quarterly,sorted,0.2826354679802956,0.41625615763546797,0.2733990147783251,0.1336206896551724,0.046182266009852216,0.0,0.10680800862556683,1961.458566067126
chronos2-w3-rtn-sim,monash_m1_quarterly,conformal,0.004895320197044327,0.8091133004926109,0.5985221674876847,0.4014778325123153,0.20751231527093597,0.0,0.10645774485522161,1955.0262031613158
chronos2-w4-awq-rtn,monash_m1_quarterly,before,0.2533866995073892,0.45997536945812806,0.26354679802955666,0.1834975369458128,0.07943349753694581,0.5474137931034483,0.10129272045957732,1860.1739399729065
chronos2-w4-awq-rtn,monash_m1_quarterly,sorted,0.23599137931034483,0.5055418719211823,0.2961822660098522,0.17672413793103448,0.07758620689655173,0.0,0.09968575654458811,1830.6631085570132
chronos2-w4-awq-rtn,monash_m1_quarterly,conformal,0.004802955665024637,0.7967980295566502,0.5991379310344828,0.4100985221674877,0.20504926108374386,0.0,0.09932528767893047,1824.0433358129733
chronos2-w4-bnb-nf4,monash_m1_quarterly,before,0.12407635467980296,0.6674876847290641,0.4605911330049261,0.25061576354679804,0.125,0.291871921182266,0.08469680645911322,1555.4009356185159
chronos2-w4-bnb-nf4,monash_m1_quarterly,sorted,0.11714901477832512,0.6681034482758621,0.46921182266009853,0.2623152709359606,0.13177339901477833,0.0,0.08455840093793299,1552.8592095943777
chronos2-w4-bnb-nf4,monash_m1_quarterly,conformal,0.003910098522167484,0.7974137931034483,0.5948275862068966,0.39655172413793105,0.2044334975369458,0.0,0.08453785105590378,1552.4818245774998
chronos2-w4-gptaq-g64,monash_m1_quarterly,before,0.06111453201970445,0.7118226600985221,0.520320197044335,0.3497536945812808,0.17364532019704434,0.14285714285714285,0.0830555217607451,1525.2598256737092
chronos2-w4-gptaq-g64,monash_m1_quarterly,sorted,0.06049876847290642,0.7130541871921182,0.521551724137931,0.34913793103448276,0.17426108374384236,0.0,0.08304995036164783,1525.1575106074056
chronos2-w4-gptaq-g64,monash_m1_quarterly,conformal,0.0040024630541871525,0.8054187192118226,0.5899014778325123,0.3996305418719212,0.2001231527093596,0.0,0.0830489223229984,1525.1386313562978
chronos2-w4-gptq,monash_m1_quarterly,before,0.05788177339901478,0.7204433497536946,0.5221674876847291,0.34298029556650245,0.1828817733990148,0.15270935960591134,0.08435530860769311,1549.129553026694
chronos2-w4-gptq,monash_m1_quarterly,sorted,0.05680418719211823,0.7204433497536946,0.5246305418719212,0.3448275862068966,0.1828817733990148,0.0,0.08434565144099303,1548.9522055357004
chronos2-w4-gptq,monash_m1_quarterly,conformal,0.0037253694581280694,0.7986453201970444,0.5935960591133005,0.40086206896551724,0.2062807881773399,0.0,0.08434436237731995,1548.928532732356
chronos2-w4-gptq-g64,monash_m1_quarterly,before,0.05464901477832513,0.7204433497536946,0.5320197044334976,0.35098522167487683,0.17795566502463053,0.11945812807881774,0.08232139734582528,1511.7781154467964
chronos2-w4-gptq-g64,monash_m1_quarterly,sorted,0.05434113300492612,0.7210591133004927,0.5344827586206896,0.34913793103448276,0.17795566502463053,0.0,0.08231786716899434,1511.7132860798422
chronos2-w4-gptq-g64,monash_m1_quarterly,conformal,0.0067426108374383995,0.8091133004926109,0.5899014778325123,0.40332512315270935,0.2044334975369458,0.0,0.0823178953193121,1511.7138030418441
chronos2-w4-hqq,monash_m1_quarterly,before,0.15948275862068967,0.5905172413793104,0.41810344827586204,0.2413793103448276,0.11206896551724138,0.36391625615763545,0.08750227091084746,1606.921438167551
chronos2-w4-hqq,monash_m1_quarterly,sorted,0.1516317733990148,0.6028325123152709,0.42302955665024633,0.2481527093596059,0.11945812807881774,0.0,0.08726808044686483,1602.620684903999
chronos2-w4-hqq,monash_m1_quarterly,conformal,0.0031096059113300475,0.7949507389162561,0.5948275862068966,0.40086206896551724,0.20135467980295566,0.0,0.0872284005411563,1601.8919896314787
chronos2-w4-rtn-sim,monash_m1_quarterly,before,0.2660098522167488,0.43103448275862066,0.2536945812807882,0.17857142857142858,0.07266009852216748,0.5800492610837439,0.10362265386212674,1902.9616287389952
chronos2-w4-rtn-sim,monash_m1_quarterly,sorted,0.24769088669950737,0.4827586206896552,0.2869458128078818,0.17364532019704434,0.06588669950738917,0.0,0.10187776506216627,1870.917897865636
chronos2-w4-rtn-sim,monash_m1_quarterly,conformal,0.007727832512315257,0.791871921182266,0.5948275862068966,0.40332512315270935,0.21428571428571427,0.0,0.10150654863492918,1864.100753248498
chronos2-w6-rtn-sim,monash_m1_quarterly,before,0.12807881773399016,0.6274630541871922,0.437192118226601,0.27401477832512317,0.14901477832512317,0.2647783251231527,0.08457990286204659,1553.254078235618
chronos2-w6-rtn-sim,monash_m1_quarterly,sorted,0.12515394088669954,0.6330049261083743,0.44027093596059114,0.2789408866995074,0.14716748768472906,0.0,0.08446644049259715,1551.1704167260855
chronos2-w6-rtn-sim,monash_m1_quarterly,conformal,0.0031096059113300475,0.7986453201970444,0.5972906403940886,0.40332512315270935,0.20504926108374386,0.0,0.08444067489136657,1550.6972484693795
chronos2-w8-bnb-int8,monash_m1_quarterly,before,0.08512931034482758,0.6847290640394089,0.4932266009852217,0.3195812807881773,0.16194581280788178,0.07635467980295567,0.08357426168709932,1534.7861419603041
chronos2-w8-bnb-int8,monash_m1_quarterly,sorted,0.08466748768472906,0.6847290640394089,0.4932266009852217,0.32019704433497537,0.16317733990147784,0.0,0.08356908733072538,1534.6911183214947
chronos2-w8-bnb-int8,monash_m1_quarterly,conformal,0.004279556650246284,0.8029556650246306,0.5935960591133005,0.4039408866995074,0.20381773399014777,0.0,0.08356647369980014,1534.6431207150156
chronos2-w8-gptq,monash_m1_quarterly,before,0.06727216748768475,0.7068965517241379,0.5129310344827587,0.3355911330049261,0.17549261083743842,0.0,0.0828897796034139,1522.2160803737158
chronos2-w8-gptq,monash_m1_quarterly,sorted,0.06727216748768475,0.7068965517241379,0.5129310344827587,0.3355911330049261,0.17549261083743842,0.0,0.0828897796034139,1522.2160803737158
chronos2-w8-gptq,monash_m1_quarterly,conformal,0.00427955665024627,0.8060344827586207,0.5985221674876847,0.40578817733990147,0.20381773399014777,0.0,0.08288723648029955,1522.1693775966355
chronos2-w8-hqq,monash_m1_quarterly,before,0.07650862068965521,0.6902709359605911,0.4963054187192118,0.32450738916256155,0.1828817733990148,0.006157635467980296,0.08327492636484288,1529.2890463817816
chronos2-w8-hqq,monash_m1_quarterly,sorted,0.07650862068965521,0.6902709359605911,0.4963054187192118,0.32450738916256155,0.1828817733990148,0.0,0.08327489291742457,1529.2884321420258
chronos2-w8-hqq,monash_m1_quarterly,conformal,0.002894088669950723,0.8029556650246306,0.5991379310344828,0.40701970443349755,0.20073891625615764,0.0,0.08327194741423988,1529.2343399205965
chronos2-w8a16-rtn,monash_m1_quarterly,before,0.08312807881773399,0.6847290640394089,0.4938423645320197,0.31896551724137934,0.16995073891625614,0.08805418719211823,0.08341821177946435,1531.9203884273677
chronos2-w8a16-rtn,monash_m1_quarterly,sorted,0.08189655172413793,0.6847290640394089,0.4944581280788177,0.32142857142857145,0.17179802955665024,0.0,0.08341233242620742,1531.8124179862261
chronos2-w8a16-rtn,monash_m1_quarterly,conformal,0.00427955665024627,0.8084975369458128,0.5960591133004927,0.4027093596059113,0.2019704433497537,0.0,0.08340954370413044,1531.761204946337
chronos2-w8a16-rtn-pt,monash_m1_quarterly,before,0.09097906403940889,0.6853448275862069,0.49014778325123154,0.30480295566502463,0.15578817733990147,0.19889162561576354,0.08383470441565537,1539.5690007315693
chronos2-w8a16-rtn-pt,monash_m1_quarterly,sorted,0.08959359605911332,0.6859605911330049,0.4907635467980296,0.3146551724137931,0.15024630541871922,0.0,0.08378921393284808,1538.733598046648
chronos2-w8a16-rtn-pt,monash_m1_quarterly,conformal,0.0036022167487684623,0.8078817733990148,0.5985221674876847,0.4020935960591133,0.19704433497536947,0.0,0.08378109514405753,1538.5845018503585
chronos2-w8a16-torchao,monash_m1_quarterly,before,0.0811268472906404,0.6834975369458128,0.4956896551724138,0.3226600985221675,0.17364532019704434,0.09544334975369458,0.08351429617982455,1533.6849150071364
chronos2-w8a16-torchao,monash_m1_quarterly,sorted,0.08020320197044337,0.6834975369458128,0.4963054187192118,0.32450738916256155,0.1748768472906404,0.0,0.08350880351616861,1533.584045865233
chronos2-w8a16-torchao,monash_m1_quarterly,conformal,0.0038177339901477383,0.8048029556650246,0.5960591133004927,0.4014778325123153,0.20504926108374386,0.0,0.0835055209430126,1533.5237635763062
chronos2-w8a8-torchao-dyn,monash_m1_quarterly,before,0.08205049261083744,0.6816502463054187,0.4932266009852217,0.32573891625615764,0.17118226600985223,0.09544334975369458,0.08354862152406704,1534.3152772932985
chronos2-w8a8-torchao-dyn,monash_m1_quarterly,sorted,0.08158866995073893,0.6816502463054187,0.4932266009852217,0.3294334975369458,0.16933497536945813,0.0,0.08354338282508225,1534.2190720449182
chronos2-w8a8-torchao-dyn,monash_m1_quarterly,conformal,0.005203201970443341,0.8041871921182266,0.5923645320197044,0.4064039408866995,0.2025862068965517,0.0,0.08353960086466772,1534.1496188386743
chronos2-fp32,monash_m1_yearly,before,0.11279926335174956,0.7071823204419889,0.4521178637200737,0.26611418047882135,0.12338858195211787,0.0,0.13818016565021518,114519.9939060442
chronos2-fp32,monash_m1_yearly,sorted,0.11279926335174956,0.7071823204419889,0.4521178637200737,0.26611418047882135,0.12338858195211787,0.0,0.13818016565021518,114519.9939060442
chronos2-fp32,monash_m1_yearly,conformal,0.024171270718232073,0.7771639042357275,0.5644567219152854,0.38029465930018413,0.18139963167587478,0.0,0.13817577854213725,114516.35798921062
chronos2-w2-rtn-sim,monash_m1_yearly,before,0.49171270718232046,0.016574585635359115,0.008287292817679558,0.006445672191528545,0.001841620626151013,0.3406998158379374,0.4981257280118406,412833.16652523476
chronos2-w2-rtn-sim,monash_m1_yearly,sorted,0.49171270718232046,0.016574585635359115,0.008287292817679558,0.006445672191528545,0.001841620626151013,0.0,0.49805806115672724,412777.0860610179
chronos2-w2-rtn-sim,monash_m1_yearly,conformal,0.022882136279926323,0.8121546961325967,0.5662983425414365,0.39318600368324125,0.16114180478821363,0.0,0.495400377557644,410574.46958462975
chronos2-w3-awq-rtn,monash_m1_yearly,before,0.3034069981583794,0.30847145488029465,0.32228360957642727,0.11786372007366483,0.037753222836095765,0.7228360957642725,0.19291137957313748,159879.747640814
chronos2-w3-awq-rtn,monash_m1_yearly,sorted,0.300414364640884,0.39502762430939226,0.2578268876611418,0.10497237569060773,0.040515653775322284,0.0,0.19182131552627177,158976.3319630512
chronos2-w3-awq-rtn,monash_m1_yearly,conformal,0.027394106813996323,0.7937384898710865,0.5524861878453039,0.3839779005524862,0.16022099447513813,0.0,0.19169574887059715,158872.26570596584
chronos2-w3-gptaq,monash_m1_yearly,before,0.06629834254143648,0.7375690607734806,0.5082872928176796,0.31860036832412525,0.1703499079189687,0.2007366482504604,0.15041430100096706,124659.31527116978
chronos2-w3-gptaq,monash_m1_yearly,sorted,0.0651473296500921,0.7375690607734806,0.5156537753222836,0.31860036832412525,0.16758747697974216,0.0,0.15040561440587433,124652.11605547625
chronos2-w3-gptaq,monash_m1_yearly,conformal,0.025782688766114177,0.7642725598526704,0.5755064456721916,0.3738489871086556,0.1832412523020258,0.0,0.15041619442166312,124660.884487168
chronos2-w3-gptq,monash_m1_yearly,before,0.04719152854511974,0.7338858195211786,0.5534069981583793,0.3333333333333333,0.19060773480662985,0.16482504604051565,0.14218948244341037,117842.80751365253
chronos2-w3-gptq,monash_m1_yearly,sorted,0.046040515653775343,0.7384898710865562,0.5497237569060773,0.3342541436464088,0.19337016574585636,0.0,0.1421766102500732,117832.13938703974
chronos2-w3-gptq,monash_m1_yearly,conformal,0.02016574585635359,0.7633517495395948,0.5847145488029466,0.3812154696132597,0.20994475138121546,0.0,0.14218657792938508,117840.4003307771
chronos2-w3-hqq,monash_m1_yearly,before,0.2640423572744015,0.42357274401473294,0.2605893186003683,0.1869244935543278,0.072744014732965,0.48250460405156537,0.16234721232598268,134548.99028922853
chronos2-w3-hqq,monash_m1_yearly,sorted,0.2585174953959484,0.43830570902394106,0.287292817679558,0.1721915285451197,0.06813996316758748,0.0,0.16147595667028383,133826.91710374833
chronos2-w3-hqq,monash_m1_yearly,conformal,0.02624309392265195,0.7918968692449355,0.565377532228361,0.3885819521178637,0.14917127071823205,0.0,0.16133330345318153,133708.68996545853
chronos2-w3-rtn-sim,monash_m1_yearly,before,0.3680939226519337,0.20349907918968693,0.20994475138121546,0.09208103130755065,0.022099447513812154,0.6694290976058932,0.24101445646000696,199746.2801928951
chronos2-w3-rtn-sim,monash_m1_yearly,sorted,0.36671270718232046,0.26703499079189685,0.1694290976058932,0.0718232044198895,0.024861878453038673,0.0,0.23953821012446097,198522.80705147123
chronos2-w3-rtn-sim,monash_m1_yearly,conformal,0.02693370165745857,0.7965009208103131,0.5598526703499079,0.3756906077348066,0.16022099447513813,0.0,0.23912247925656363,198178.2605224225
chronos2-w4-awq-rtn,monash_m1_yearly,before,0.32067219152854515,0.3692449355432781,0.17955801104972377,0.1132596685082873,0.055248618784530384,0.429097605893186,0.25149390522805476,208431.36465062728
chronos2-w4-awq-rtn,monash_m1_yearly,sorted,0.31952117863720075,0.3710865561694291,0.1832412523020258,0.1141804788213628,0.053406998158379376,0.0,0.24989449723638923,207105.81845087477
chronos2-w4-awq-rtn,monash_m1_yearly,conformal,0.029005524861878462,0.7900552486187845,0.565377532228361,0.3812154696132597,0.14732965009208104,0.0,0.24958424280515568,206848.68794732526
chronos2-w4-bnb-nf4,monash_m1_yearly,before,0.175414364640884,0.6187845303867403,0.3858195211786372,0.2007366482504604,0.09300184162062615,0.23756906077348067,0.14779171416951745,122485.78604906748
chronos2-w4-bnb-nf4,monash_m1_yearly,sorted,0.16942909760589323,0.6187845303867403,0.38950276243093923,0.21178637200736647,0.10220994475138122,0.0,0.14775945605885119,122459.05139710395
chronos2-w4-bnb-nf4,monash_m1_yearly,conformal,0.023020257826887693,0.7780847145488029,0.567219152854512,0.3775322283609576,0.1850828729281768,0.0,0.14772890601146016,122433.73234190828
chronos2-w4-gptaq-g64,monash_m1_yearly,before,0.05985267034990791,0.7559852670349908,0.5239410681399632,0.31952117863720075,0.16114180478821363,0.061694290976058934,0.134977928885444,111866.06645515654
chronos2-w4-gptaq-g64,monash_m1_yearly,sorted,0.059622467771639036,0.7559852670349908,0.5239410681399632,0.32044198895027626,0.16114180478821363,0.0,0.1349769613538961,111865.26459110864
chronos2-w4-gptaq-g64,monash_m1_yearly,conformal,0.02279005524861881,0.7615101289134438,0.576427255985267,0.3775322283609576,0.19337016574585636,0.0,0.134987350516326,111873.87484868472
chronos2-w4-gptq,monash_m1_yearly,before,0.06399631675874771,0.7541436464088398,0.5174953959484346,0.3149171270718232,0.1574585635359116,0.11878453038674033,0.13457920078302535,111535.61135949004
chronos2-w4-gptq,monash_m1_yearly,sorted,0.0639963167587477,0.7541436464088398,0.5193370165745856,0.31767955801104975,0.15285451197053407,0.0,0.13457718768243465,111533.9429560235
chronos2-w4-gptq,monash_m1_yearly,conformal,0.03084714548802949,0.7578268876611418,0.5644567219152854,0.3674033149171271,0.1869244935543278,0.0,0.13458714984121012,111542.19932448918
chronos2-w4-gptq-g64,monash_m1_yearly,before,0.05593922651933705,0.7587476979742173,0.5211786372007366,0.3314917127071823,0.16482504604051565,0.06077348066298342,0.13328966508890022,110466.87896119014
chronos2-w4-gptq-g64,monash_m1_yearly,sorted,0.055478821362799295,0.7587476979742173,0.5230202578268877,0.3296500920810313,0.16666666666666666,0.0,0.1332893278792121,110466.5994908968
chronos2-w4-gptq-g64,monash_m1_yearly,conformal,0.023250460405156548,0.7559852670349908,0.5773480662983426,0.3756906077348066,0.19797421731123388,0.0,0.13329665132174498,110472.66896251947
chronos2-w4-hqq,monash_m1_yearly,before,0.2076427255985267,0.5128913443830571,0.3775322283609576,0.19889502762430938,0.08011049723756906,0.2965009208103131,0.1533902348660768,127125.6889832976
chronos2-w4-hqq,monash_m1_yearly,sorted,0.20234806629834257,0.5276243093922652,0.3701657458563536,0.20534069981583794,0.08747697974217311,0.0,0.15329045473246414,127042.99390011036
chronos2-w4-hqq,monash_m1_yearly,conformal,0.023941068139963162,0.787292817679558,0.5616942909760589,0.3858195211786372,0.1694290976058932,0.0,0.1532140759760063,126979.69324706121
chronos2-w4-rtn-sim,monash_m1_yearly,before,0.3278084714548803,0.34990791896869244,0.17863720073664824,0.1151012891344383,0.04511970534069982,0.49355432780847147,0.24900082908157348,206365.17039069952
chronos2-w4-rtn-sim,monash_m1_yearly,sorted,0.32527624309392267,0.35267034990791896,0.1869244935543278,0.11141804788213629,0.04788213627992634,0.0,0.24674050426281136,204491.87415276066
chronos2-w4-rtn-sim,monash_m1_yearly,conformal,0.027394106813996316,0.787292817679558,0.5598526703499079,0.3867403314917127,0.15653775322283608,0.0,0.24637955565260342,204192.72968114345
chronos2-w6-rtn-sim,monash_m1_yearly,before,0.17955801104972377,0.6132596685082873,0.36187845303867405,0.20626151012891344,0.1003683241252302,0.12062615101289134,0.1468671207601134,121719.50797209257
chronos2-w6-rtn-sim,monash_m1_yearly,sorted,0.17794659300184162,0.6151012891344383,0.36464088397790057,0.20534069981583794,0.10313075506445672,0.0,0.14686642352128304,121718.93011935786
chronos2-w6-rtn-sim,monash_m1_yearly,conformal,0.02670349907918973,0.7780847145488029,0.5607734806629834,0.38029465930018413,0.17403314917127072,0.0,0.14682579697580542,121685.25993435968
chronos2-w8-bnb-int8,monash_m1_yearly,before,0.1162523020257827,0.7062615101289135,0.44843462246777166,0.26519337016574585,0.1151012891344383,0.03038674033149171,0.13889845540246937,115115.29307697692
chronos2-w8-bnb-int8,monash_m1_yearly,sorted,0.11602209944751382,0.7062615101289135,0.44843462246777166,0.26519337016574585,0.11602209944751381,0.0,0.1388984168106705,115115.26109313502
chronos2-w8-bnb-int8,monash_m1_yearly,conformal,0.02578268876611422,0.7762430939226519,0.5607734806629834,0.37937384898710863,0.18047882136279927,0.0,0.13889569483423292,115113.00519248837
chronos2-w8-gptq,monash_m1_yearly,before,0.08241252302025781,0.7394106813996317,0.4972375690607735,0.2974217311233886,0.13627992633517497,0.0,0.1379448311980016,114324.95506015365
chronos2-w8-gptq,monash_m1_yearly,sorted,0.08241252302025781,0.7394106813996317,0.4972375690607735,0.2974217311233886,0.13627992633517497,0.0,0.1379448311980016,114324.95506015365
chronos2-w8-gptq,monash_m1_yearly,conformal,0.02808471454880298,0.7569060773480663,0.572744014732965,0.3747697974217311,0.1832412523020258,0.0,0.1379513106570848,114330.32506105957
chronos2-w8-hqq,monash_m1_yearly,before,0.1123388581952118,0.7053406998158379,0.4558011049723757,0.26243093922651933,0.1270718232044199,0.0,0.13816452236805668,114507.02917576593
chronos2-w8-hqq,monash_m1_yearly,sorted,0.1123388581952118,0.7053406998158379,0.4558011049723757,0.26243093922651933,0.1270718232044199,0.0,0.13816452236805668,114507.02917576593
chronos2-w8-hqq,monash_m1_yearly,conformal,0.023480662983425417,0.7771639042357275,0.5662983425414365,0.38029465930018413,0.18232044198895028,0.0,0.1381609297490462,114504.05171004028
chronos2-w8a16-rtn,monash_m1_yearly,before,0.11325966850828731,0.7071823204419889,0.4521178637200737,0.26703499079189685,0.12062615101289134,0.03406998158379374,0.1382166371108664,114550.22046882086
chronos2-w8a16-rtn,monash_m1_yearly,sorted,0.11302946593001845,0.7071823204419889,0.4521178637200737,0.26703499079189685,0.12154696132596685,0.0,0.13821656736633006,114550.16266643052
chronos2-w8a16-rtn,monash_m1_yearly,conformal,0.027624309392265213,0.7697974217311234,0.5626151012891344,0.3747697974217311,0.18232044198895028,0.0,0.13821599638835516,114549.68945528692
chronos2-w8a16-rtn-pt,monash_m1_yearly,before,0.1180939226519337,0.7062615101289135,0.44659300184162065,0.24125230202578268,0.13351749539594843,0.06721915285451197,0.14016519222151055,116165.13038260277
chronos2-w8a16-rtn-pt,monash_m1_yearly,sorted,0.11809392265193372,0.7071823204419889,0.44659300184162065,0.24585635359116023,0.1279926335174954,0.0,0.140161357107742,116161.95194376294
chronos2-w8a16-rtn-pt,monash_m1_yearly,conformal,0.028545119705340738,0.7707182320441989,0.5644567219152854,0.3756906077348066,0.17495395948434622,0.0,0.14015800173629697,116159.17110241979
chronos2-w8a16-torchao,monash_m1_yearly,before,0.11533149171270718,0.7025782688766115,0.4530386740331492,0.26243093922651933,0.12062615101289134,0.055248618784530384,0.13893088015132482,115142.16583417659
chronos2-w8a16-torchao,monash_m1_yearly,sorted,0.11510128913443832,0.7025782688766115,0.4530386740331492,0.26335174953959484,0.12062615101289134,0.0,0.13893076941096671,115142.074055555
chronos2-w8a16-torchao,monash_m1_yearly,conformal,0.02670349907918971,0.7697974217311234,0.5644567219152854,0.3784530386740331,0.18047882136279927,0.0,0.13893050548024583,115141.85531689302
chronos2-w8a8-torchao-dyn,monash_m1_yearly,before,0.11855432780847147,0.6998158379373849,0.44843462246777166,0.2587476979742173,0.11878453038674033,0.052486187845303865,0.1408721650634953,116751.05040357585
chronos2-w8a8-torchao-dyn,monash_m1_yearly,sorted,0.11809392265193372,0.6998158379373849,0.44935543278084716,0.2578268876611418,0.12062615101289134,0.0,0.14087205761344246,116750.96135187049
chronos2-w8a8-torchao-dyn,monash_m1_yearly,conformal,0.022329650092081037,0.7790055248618785,0.5718232044198895,0.3747697974217311,0.1850828729281768,0.0,0.14086049252940727,116741.37652218813
chronos2-fp32,monash_m3_monthly,before,0.03511126672891381,0.7561858076563959,0.5587457205104264,0.3634453781512605,0.18117802676626207,0.0015950824774354185,0.08873743289962545,471.3039006503616
chronos2-fp32,monash_m3_monthly,sorted,0.035101540616246506,0.7561858076563959,0.5587846249610956,0.3634453781512605,0.18117802676626207,0.0,0.08873741661967673,471.30381418399577
chronos2-fp32,monash_m3_monthly,conformal,0.00016728913787736333,0.8000311235605353,0.6000233426704015,0.39954870837223777,0.20016339869281047,0.0,0.08848493317110467,469.9628194056561
chronos2-w2-rtn-sim,monash_m3_monthly,before,0.47371031746031744,0.04948646125116713,0.03271864301276066,0.015250544662309368,0.007703081232492998,0.6112278244631186,0.23402330631387314,1242.948928143811
chronos2-w2-rtn-sim,monash_m3_monthly,sorted,0.4726890756302521,0.05100373482726424,0.032018362900715844,0.017896047307812014,0.008325552443199501,0.0,0.233765976273377,1241.5821920564872
chronos2-w2-rtn-sim,monash_m3_monthly,conformal,0.0013227513227513366,0.7998755057578587,0.6000233426704015,0.4007936507936508,0.1956504824151883,0.0,0.18991992043552663,1008.7062064745377
chronos2-w3-awq-rtn,monash_m3_monthly,before,0.18604108309990663,0.4828042328042328,0.48579987550575787,0.21385776532835357,0.07337379396202925,0.70848895113601,0.10859977266703497,576.7971282830758
chronos2-w3-awq-rtn,monash_m3_monthly,sorted,0.1658399470899471,0.6118502956738251,0.4238639900404606,0.21638655462184875,0.08453937130407718,0.0,0.10577407913997044,561.7892523751218
chronos2-w3-awq-rtn,monash_m3_monthly,conformal,0.0005388266417678117,0.7996420790538438,0.5997121070650483,0.3990040460628696,0.20051353874883288,0.0,0.10372800421755222,550.922101270476
chronos2-w3-gptaq,monash_m3_monthly,before,0.012002023031434786,0.7899548708372238,0.5805322128851541,0.3869825708061002,0.19452225334578277,0.1689620292561469,0.09193528411731144,488.2883873922728
chronos2-w3-gptaq,monash_m3_monthly,sorted,0.009735838779956436,0.7916277622159975,0.5846560846560847,0.3883442265795207,0.19642857142857142,0.0,0.09179160337820796,487.52526758392304
chronos2-w3-gptaq,monash_m3_monthly,conformal,0.00016923436041081652,0.800459072517896,0.5999844382197324,0.400093370681606,0.19989106753812635,0.0,0.0916530214070198,486.7892284463623
chronos2-w3-gptq,monash_m3_monthly,before,0.010173513849984439,0.8162542794895736,0.6138344226579521,0.4097416744475568,0.20086367880485528,0.15398381574852163,0.09313280775311572,494.6486971537008
chronos2-w3-gptq,monash_m3_monthly,sorted,0.012391067538126348,0.8177715530656707,0.6166355431061313,0.41199813258636786,0.20315904139433552,0.0,0.09296578579899784,493.7616070509361
chronos2-w3-gptq,monash_m3_monthly,conformal,0.0003793183940242681,0.8011204481792717,0.5999844382197324,0.3997043261749144,0.20008558979147215,0.0,0.0929143993319978,493.4886822936338
chronos2-w3-hqq,monash_m3_monthly,before,0.0625875350140056,0.7464985994397759,0.5079754123871771,0.3322051042639278,0.1629707438530968,0.4084578275754746,0.09386628493643498,498.5443547836374
chronos2-w3-hqq,monash_m3_monthly,sorted,0.04618930905695611,0.7653283535636477,0.5373871770930595,0.34523809523809523,0.16728913787737318,0.0,0.09291901742855248,493.51321001377045
chronos2-w3-hqq,monash_m3_monthly,conformal,0.0010465297230003098,0.8018596327419857,0.5980781201369436,0.3997432306255836,0.1998521630874572,0.0,0.09274135616062407,492.5696121900216
chronos2-w3-rtn-sim,monash_m3_monthly,before,0.2677209772798008,0.3772564581388111,0.3516573295985061,0.14912075941487707,0.05108154372860255,0.7061546840958606,0.11830813703826802,628.3603733261547
chronos2-w3-rtn-sim,monash_m3_monthly,sorted,0.25946350762527237,0.4647914721444133,0.2938453159041394,0.14814814814814814,0.055361033302209775,0.0,0.11592919357691654,615.7252846592346
chronos2-w3-rtn-sim,monash_m3_monthly,conformal,0.001100995953937152,0.7999144102085278,0.6008403361344538,0.39985994397759106,0.19666199813258636,0.0,0.11003211801007558,584.4046274544462
chronos2-w4-awq-rtn,monash_m3_monthly,before,0.19561157796451917,0.5414332399626517,0.36912542794895736,0.2210939931528167,0.08590102707749767,0.4848661686896981,0.10934018442547092,580.7296169570831
chronos2-w4-awq-rtn,monash_m3_monthly,sorted,0.18753890445066915,0.5646202925614691,0.38122471210706504,0.2175925925925926,0.0864067849361967,0.0,0.10756847133381331,571.3196615003363
chronos2-w4-awq-rtn,monash_m3_monthly,conformal,0.0012799564270152414,0.8005368814192344,0.599128540305011,0.39733115468409586,0.1989573607220666,0.0,0.10358301815621414,550.1520486104463
chronos2-w4-bnb-nf4,monash_m3_monthly,before,0.04782329598506072,0.7349828820417056,0.5561002178649237,0.3510737628384687,0.1665499533146592,0.23284313725490197,0.09014322250175925,478.7703564777329
chronos2-w4-bnb-nf4,monash_m3_monthly,sorted,0.04438025210084036,0.7430750077808901,0.5569950202303143,0.353874883286648,0.1685340802987862,0.0,0.09001272231843277,478.0772414818672
chronos2-w4-bnb-nf4,monash_m3_monthly,conformal,0.000540771864301258,0.8002256458138811,0.6003734827264239,0.4014161220043573,0.1998521630874572,0.0,0.0896620685979345,476.2148429331585
chronos2-w4-gptaq-g64,monash_m3_monthly,before,0.023332944288826665,0.7687130407718643,0.5739962651727357,0.37780112044817926,0.1861577964519141,0.058823529411764705,0.08861580959188413,470.65793268086526
chronos2-w4-gptaq-g64,monash_m3_monthly,sorted,0.02280773420479304,0.7691798941798942,0.5750077808901338,0.3780734516028634,0.1865079365079365,0.0,0.08858457625639954,470.49204560972527
chronos2-w4-gptaq-g64,monash_m3_monthly,conformal,0.0003715375038904206,0.7997198879551821,0.5998288204170558,0.40102707749766575,0.20000778089013382,0.0,0.0883788639791491,469.3994627446172
chronos2-w4-gptq,monash_m3_monthly,before,0.016300964830376602,0.7759103641456583,0.5836056644880174,0.38044662309368193,0.194833488951136,0.07761437908496732,0.08875636562882815,471.4044565131086
chronos2-w4-gptq,monash_m3_monthly,sorted,0.015552054154995346,0.777349828820417,0.5842670401493931,0.38165266106442575,0.19452225334578277,0.0,0.08870104199781301,471.11062061721265
chronos2-w4-gptq,monash_m3_monthly,conformal,0.00029372860255215405,0.7994864612511672,0.6002178649237473,0.3998988484282602,0.19965764083411142,0.0,0.08851977246018067,470.1478584844401
chronos2-w4-gptq-g64,monash_m3_monthly,before,0.01658302209772801,0.7782835356364768,0.5823218176159353,0.3818860877684407,0.19117647058823528,0.060652038593215066,0.0885313949834217,470.2095882456006
chronos2-w4-gptq-g64,monash_m3_monthly,sorted,0.016106442577030818,0.7787503890445067,0.582749766573296,0.38305322128851543,0.19102085278555866,0.0,0.08849978755626911,470.04171429185004
chronos2-w4-gptq-g64,monash_m3_monthly,conformal,0.00018479614067846983,0.8003423591658886,0.5998677248677249,0.3997432306255836,0.20000778089013382,0.0,0.08836389086207333,469.319937247292
chronos2-w4-hqq,monash_m3_monthly,before,0.06655578898225958,0.7090336134453782,0.5364145658263305,0.33271086212262685,0.1556178026766262,0.25945378151260506,0.08988099126490376,477.37758906533594
chronos2-w4-hqq,monash_m3_monthly,sorted,0.06093409586056645,0.719187675070028,0.5389044506691566,0.3398303765950825,0.15834111422346717,0.0,0.08971633330307546,476.50305464229723
chronos2-w4-hqq,monash_m3_monthly,conformal,0.0006691565515094602,0.80119825708061,0.59963429816371,0.40067693744164334,0.20043572984749455,0.0,0.08920762929109984,473.801216451961
chronos2-w4-rtn-sim,monash_m3_monthly,before,0.20726346093993153,0.5236539060068471,0.3545751633986928,0.21288515406162464,0.07983193277310924,0.49116868969810146,0.11039833138546137,586.3496667309923
chronos2-w4-rtn-sim,monash_m3_monthly,sorted,0.1997840802987862,0.5439620292561469,0.3671413009648304,0.2088779956427015,0.08088235294117647,0.0,0.10853974756220752,576.4783218322051
chronos2-w4-rtn-sim,monash_m3_monthly,conformal,0.0009551042639278085,0.7999922191098662,0.6000233426704015,0.39698101462807345,0.19922969187675071,0.0,0.10417223571414277,553.2815118404404
chronos2-w6-rtn-sim,monash_m3_monthly,before,0.06782990974167445,0.7035480859010271,0.5201136009959539,0.3334500466853408,0.1715686274509804,0.1840958605664488,0.08976805653390749,476.77776802591455
chronos2-w6-rtn-sim,monash_m3_monthly,sorted,0.06530112044817929,0.70848895113601,0.5228369125427949,0.3367958294428883,0.1706738250855898,0.0,0.08969868458427403,476.4093184394255
chronos2-w6-rtn-sim,monash_m3_monthly,conformal,0.0007566915655151246,0.8011204481792717,0.6011126672891379,0.39931528166822283,0.19989106753812635,0.0,0.08913801875789727,473.4314996959915
chronos2-w8-bnb-int8,monash_m3_monthly,before,0.03831115779645194,0.7540460628695923,0.5534158107687519,0.3612278244631186,0.17806567071272952,0.02738873327108621,0.08871584369670395,471.1892356750929
chronos2-w8-bnb-int8,monash_m3_monthly,sorted,0.03818471833177718,0.7540460628695923,0.5538826641767818,0.3611889200124494,0.17814347961406785,0.0,0.08871419437123101,471.18047574702837
chronos2-w8-bnb-int8,monash_m3_monthly,conformal,0.0003754279489573617,0.8000700280112045,0.5997510115157174,0.39931528166822283,0.1995020230314348,0.0,0.0884555225143292,469.80661297950616
chronos2-w8-gptq,monash_m3_monthly,before,0.030530267662620604,0.7619825708061002,0.5654372860255213,0.3682306255835668,0.1822284469343293,0.0012838468720821662,0.08865529395383101,470.86764275689717
chronos2-w8-gptq,monash_m3_monthly,sorted,0.030530267662620604,0.7619825708061002,0.5654372860255213,0.3682306255835668,0.1822284469343293,0.0,0.08865508386683862,470.86652693896383
chronos2-w8-gptq,monash_m3_monthly,conformal,0.00015172735760968226,0.8001089324618736,0.5999455337690632,0.3997432306255836,0.19981325863678806,0.0,0.08840912753341781,469.56019909576366
chronos2-w8-hqq,monash_m3_monthly,before,0.03409975101151571,0.7576252723311547,0.5598350451291628,0.364067849361967,0.18207282913165265,0.004629629629629629,0.08873792351594136,471.30650642084487
chronos2-w8-hqq,monash_m3_monthly,sorted,0.03407057267351385,0.7576252723311547,0.5598739495798319,0.3641845627139745,0.1820339246809835,0.0,0.0887378387597402,471.3060562621361
chronos2-w8-hqq,monash_m3_monthly,conformal,0.00019646747587923757,0.8002256458138811,0.6001400560224089,0.3997821350762527,0.20020230314347962,0.0,0.08848153483081238,469.9447700776198
chronos2-w8a16-rtn,monash_m3_monthly,before,0.03656045751633987,0.7568082788671024,0.5558278867102396,0.3632508558979147,0.17787114845938376,0.028711484593837534,0.08871356170956378,471.1771155426387
chronos2-w8a16-rtn,monash_m3_monthly,sorted,0.03630757858699035,0.7568082788671024,0.5562558356676004,0.36321195144724555,0.17849361967009025,0.0,0.08871170131998045,471.1672346069534
chronos2-w8a16-rtn,monash_m3_monthly,conformal,0.00034624961095550827,0.7999922191098662,0.6008014316837846,0.39997665732959853,0.20055244319950202,0.0,0.08846638949144375,469.8643298700562
chronos2-w8a16-rtn-pt,monash_m3_monthly,before,0.05131497043261752,0.7419078742608154,0.5431450357920946,0.33815748521630873,0.17152972300031125,0.10593681917211328,0.08905835844670468,473.0084063726296
chronos2-w8a16-rtn-pt,monash_m3_monthly,sorted,0.04993386243386246,0.7430750077808901,0.543728602552132,0.34255368814192344,0.17090725178960472,0.0,0.08903714117372034,472.8957167985467
chronos2-w8a16-rtn-pt,monash_m3_monthly,conformal,0.0003326330532213012,0.8005368814192344,0.6002178649237473,0.39958761282290695,0.20016339869281047,0.0,0.08872180049153011,471.2208735143363
chronos2-w8a16-torchao,monash_m3_monthly,before,0.03607415188297542,0.7561858076563959,0.5561391223155929,0.36305633364456896,0.18032212885154061,0.03271864301276066,0.08874316232125282,471.33433086085125
chronos2-w8a16-torchao,monash_m3_monthly,sorted,0.035889355742296944,0.7561858076563959,0.5567615935262994,0.3629785247432306,0.1805166511048864,0.0,0.08874126486556398,471.32425305897846
chronos2-w8a16-torchao,monash_m3_monthly,conformal,0.00038709928415812944,0.8001089324618736,0.6001789604730782,0.3994319950202303,0.199307500778089,0.0,0.08848700343413515,469.9738150250892
chronos2-w8a8-torchao-dyn,monash_m3_monthly,before,0.037863756613756655,0.7537737317149081,0.5542328042328042,0.36087768440709617,0.17966075319016495,0.03271864301276066,0.08873731990403776,471.303300506099
chronos2-w8a8-torchao-dyn,monash_m3_monthly,sorted,0.03760115157173982,0.7537737317149081,0.5549719887955182,0.36079987550575787,0.18004979769685653,0.0,0.08873543141387129,471.293270322075
chronos2-w8a8-torchao-dyn,monash_m3_monthly,conformal,0.0002159197012138181,0.8001478369125428,0.6001789604730782,0.3994708994708995,0.20000778089013382,0.0,0.08847618560620635,469.9163591766067
chronos2-fp32,monash_m3_quarterly,before,0.03509424603174604,0.7743055555555556,0.5595238095238095,0.34953703703703703,0.17625661375661375,0.0008267195767195767,0.07046167818878944,407.9554291405025
chronos2-fp32,monash_m3_quarterly,sorted,0.03509424603174604,0.7743055555555556,0.5595238095238095,0.34953703703703703,0.17625661375661375,0.0,0.07046167215026258,407.95539417894776
chronos2-fp32,monash_m3_quarterly,conformal,0.004133597883597913,0.7931547619047619,0.5940806878306878,0.3974867724867725,0.19874338624338625,0.0,0.07046935112999568,407.99985354399416
chronos2-w2-rtn-sim,monash_m3_quarterly,before,0.4802414021164021,0.036210317460317464,0.022652116402116403,0.013888888888888888,0.006283068783068783,0.4945436507936508,0.22924574155177682,1327.2752974008406
chronos2-w2-rtn-sim,monash_m3_quarterly,sorted,0.4800347222222222,0.03670634920634921,0.022652116402116403,0.01455026455026455,0.005952380952380952,0.0,0.2291652388972472,1326.8092072392126
chronos2-w2-rtn-sim,monash_m3_quarterly,conformal,0.0032820767195767334,0.7961309523809523,0.5945767195767195,0.4011243386243386,0.2027116402116402,0.0,0.1509856118494447,874.16879159545
chronos2-w3-awq-rtn,monash_m3_quarterly,before,0.1583994708994709,0.5515873015873016,0.560515873015873,0.2015542328042328,0.052744708994709,0.8348214285714286,0.08560837072704112,495.6509767535713
chronos2-w3-awq-rtn,monash_m3_quarterly,sorted,0.14112103174603174,0.6517857142857143,0.48908730158730157,0.22056878306878308,0.07407407407407407,0.0,0.08386351138926777,485.54867918944086
chronos2-w3-awq-rtn,monash_m3_quarterly,conformal,0.003397817460317469,0.7984457671957672,0.6053240740740741,0.39351851851851855,0.20023148148148148,0.0,0.08098582947627184,468.88762328043043
chronos2-w3-gptaq,monash_m3_quarterly,before,0.004712301587301564,0.8098544973544973,0.595734126984127,0.39897486772486773,0.2037037037037037,0.2845568783068783,0.07167048388002686,414.9541106535224
chronos2-w3-gptaq,monash_m3_quarterly,sorted,0.008143187830687813,0.8151455026455027,0.6031746031746031,0.40162037037037035,0.21263227513227514,0.0,0.07136407573220956,413.18008439346033
chronos2-w3-gptaq,monash_m3_quarterly,conformal,0.0024718915343915626,0.7977843915343915,0.5965608465608465,0.3976521164021164,0.20188492063492064,0.0,0.07146103760600081,413.7414693029539
chronos2-w3-gptq,monash_m3_quarterly,before,0.032448743386243366,0.8444113756613757,0.6393849206349206,0.4323743386243386,0.21362433862433863,0.2465277777777778,0.07375108686129828,427.00027963379284
chronos2-w3-gptq,monash_m3_quarterly,sorted,0.03678902116402114,0.8488756613756614,0.6450066137566137,0.4386574074074074,0.21461640211640212,0.0,0.07346247093266507,425.32926585653263
chronos2-w3-gptq,monash_m3_quarterly,conformal,0.0012152777777778012,0.8025793650793651,0.6005291005291006,0.3986441798941799,0.2003968253968254,0.0,0.07301036712324388,422.7116982888923
chronos2-w3-hqq,monash_m3_quarterly,before,0.0805224867724868,0.7503306878306878,0.453042328042328,0.32043650793650796,0.1541005291005291,0.5963955026455027,0.07461789930862195,432.0189061130656
chronos2-w3-hqq,monash_m3_quarterly,sorted,0.047743055555555566,0.7748015873015873,0.5221560846560847,0.34771825396825395,0.16435185185185186,0.0,0.07321729992199642,423.90978724857
chronos2-w3-hqq,monash_m3_quarterly,conformal,0.0035631613756613653,0.8070436507936508,0.5958994708994709,0.39798280423280424,0.19890873015873015,0.0,0.07273633001044734,421.1250921956936
chronos2-w3-rtn-sim,monash_m3_quarterly,before,0.2732721560846561,0.3449074074074074,0.3986441798941799,0.1271494708994709,0.036210317460317464,0.8202711640211641,0.09567464171390744,553.9321588918785
chronos2-w3-rtn-sim,monash_m3_quarterly,sorted,0.2607473544973545,0.47437169312169314,0.3037367724867725,0.13343253968253968,0.04546957671957672,0.0,0.09392007501438154,543.7736581399818
chronos2-w3-rtn-sim,monash_m3_quarterly,conformal,0.0019923941798941705,0.8009259259259259,0.6016865079365079,0.40128968253968256,0.19593253968253968,0.0,0.08465711269233421,490.1434315212189
chronos2-w4-awq-rtn,monash_m3_quarterly,before,0.2211888227513228,0.49107142857142855,0.3057208994708995,0.22718253968253968,0.09126984126984126,0.5676256613756614,0.09403986665259478,544.4672216546599
chronos2-w4-awq-rtn,monash_m3_quarterly,sorted,0.21151620370370372,0.5319113756613757,0.33052248677248675,0.20734126984126985,0.08416005291005291,0.0,0.0921264649178531,533.3891059202703
chronos2-w4-awq-rtn,monash_m3_quarterly,conformal,0.0016451719576719565,0.7992724867724867,0.5968915343915344,0.39880952380952384,0.2015542328042328,0.0,0.08130059358056713,470.71002843095437
chronos2-w4-bnb-nf4,monash_m3_quarterly,before,0.04852843915343915,0.7688492063492064,0.5682870370370371,0.32275132275132273,0.14599867724867724,0.2810846560846561,0.07049654782177044,408.15731556234743
chronos2-w4-bnb-nf4,monash_m3_quarterly,sorted,0.041170634920634934,0.7734788359788359,0.5707671957671958,0.33548280423280424,0.15558862433862433,0.0,0.0703505234103789,407.31187087602297
chronos2-w4-bnb-nf4,monash_m3_quarterly,conformal,0.0013392857142857373,0.796792328042328,0.6006944444444444,0.39897486772486773,0.19957010582010581,0.0,0.06976914981215465,403.945863681033
chronos2-w4-gptaq-g64,monash_m3_quarterly,before,0.018890542328042353,0.7845568783068783,0.5785383597883598,0.3748346560846561,0.1865079365079365,0.13078703703703703,0.07081156017799783,409.98115802924116
chronos2-w4-gptaq-g64,monash_m3_quarterly,sorted,0.017443783068783074,0.7863756613756614,0.580191798941799,0.375,0.1886574074074074,0.0,0.07074798548023936,409.6130764879948
chronos2-w4-gptaq-g64,monash_m3_quarterly,conformal,0.000570436507936492,0.7996031746031746,0.5990410052910053,0.3996362433862434,0.2005621693121693,0.0,0.0708449740134744,410.17461574897567
chronos2-w4-gptq,monash_m3_quarterly,before,0.011739417989418008,0.7898478835978836,0.5876322751322751,0.3792989417989418,0.1962632275132275,0.1519510582010582,0.07113805430215786,411.87147705026547
chronos2-w4-gptq,monash_m3_quarterly,sorted,0.00921792328042327,0.792989417989418,0.5914351851851852,0.3845899470899471,0.19411375661375663,0.0,0.07101819450318574,411.1775189019034
chronos2-w4-gptq,monash_m3_quarterly,conformal,0.001207010582010573,0.800760582010582,0.5982142857142857,0.39914021164021163,0.19857804232804233,0.0,0.07114715636074062,411.92417568462446
chronos2-w4-gptq-g64,monash_m3_quarterly,before,0.010830026455026447,0.7893518518518519,0.5889550264550265,0.38293650793650796,0.19543650793650794,0.10416666666666667,0.07096862593282469,410.890529322414
chronos2-w4-gptq-g64,monash_m3_quarterly,sorted,0.009093915343915362,0.7916666666666666,0.591765873015873,0.3844246031746032,0.19576719576719576,0.0,0.07089733123885558,410.4777509410124
chronos2-w4-gptq-g64,monash_m3_quarterly,conformal,0.0028025793650793968,0.7953042328042328,0.5970568783068783,0.3968253968253968,0.2003968253968254,0.0,0.07102626594449848,411.22425052097867
chronos2-w4-hqq,monash_m3_quarterly,before,0.08023313492063494,0.7041997354497355,0.5236441798941799,0.30439814814814814,0.14682539682539683,0.3771494708994709,0.07041251335181378,407.67077707596764
chronos2-w4-hqq,monash_m3_quarterly,sorted,0.06919642857142856,0.7245370370370371,0.5304232804232805,0.31828703703703703,0.14996693121693122,0.0,0.07013634342911296,406.0718225488096
chronos2-w4-hqq,monash_m3_quarterly,conformal,0.0027116402116402136,0.7992724867724867,0.5988756613756614,0.40244708994708994,0.19345238095238096,0.0,0.06957927187462047,402.84651808663017
chronos2-w4-rtn-sim,monash_m3_quarterly,before,0.23482969576719576,0.4718915343915344,0.29216269841269843,0.21114417989417988,0.08548280423280423,0.5873015873015873,0.09388231767666022,543.5550526325735
chronos2-w4-rtn-sim,monash_m3_quarterly,sorted,0.2232556216931217,0.5166997354497355,0.3186177248677249,0.19460978835978837,0.07705026455026455,0.0,0.09174332100006269,531.170798814584
chronos2-w4-rtn-sim,monash_m3_quarterly,conformal,0.001843584656084668,0.7974537037037037,0.5985449735449735,0.4027777777777778,0.19940476190476192,0.0,0.08093338696903568,468.5839943278614
chronos2-w6-rtn-sim,monash_m3_quarterly,before,0.060557208994709004,0.7280092592592593,0.5302579365079365,0.322255291005291,0.17724867724867724,0.26322751322751325,0.07048435184668295,408.0867039280734
chronos2-w6-rtn-sim,monash_m3_quarterly,sorted,0.05700231481481482,0.732473544973545,0.5348875661375662,0.32787698412698413,0.1767526455026455,0.0,0.07038561871147425,407.5150638596021
chronos2-w6-rtn-sim,monash_m3_quarterly,conformal,0.002645502645502673,0.7961309523809523,0.5947420634920635,0.3986441798941799,0.19990079365079366,0.0,0.06980070725085208,404.1285733294165
chronos2-w8-bnb-int8,monash_m3_quarterly,before,0.038979828042328066,0.7724867724867724,0.5514219576719577,0.35284391534391535,0.16732804232804233,0.06183862433862434,0.07036552244634492,407.3987115291481
chronos2-w8-bnb-int8,monash_m3_quarterly,sorted,0.03860780423280425,0.7724867724867724,0.5515873015873016,0.35300925925925924,0.16848544973544974,0.0,0.0703617318632935,407.37676500480785
chronos2-w8-bnb-int8,monash_m3_quarterly,conformal,0.003463955026455051,0.7936507936507936,0.595734126984127,0.39831349206349204,0.2015542328042328,0.0,0.07035033220473876,407.31076384336365
chronos2-w8-gptq,monash_m3_quarterly,before,0.019179894179894193,0.7916666666666666,0.5788690476190477,0.37020502645502645,0.18253968253968253,0.000992063492063492,0.07022511510231504,406.5857882528288
chronos2-w8-gptq,monash_m3_quarterly,sorted,0.019179894179894193,0.7916666666666666,0.5788690476190477,0.37020502645502645,0.18253968253968253,0.0,0.07022510937877574,406.58575511497304
chronos2-w8-gptq,monash_m3_quarterly,conformal,0.002232142857142863,0.7991071428571429,0.5972222222222222,0.39814814814814814,0.19659391534391535,0.0,0.07025579502264717,406.76341729015553
chronos2-w8-hqq,monash_m3_quarterly,before,0.032242063492063495,0.7784391534391535,0.5620039682539683,0.35300925925925924,0.1775793650793651,0.004133597883597883,0.07041166168231835,407.66584612337857
chronos2-w8-hqq,monash_m3_quarterly,sorted,0.032242063492063495,0.7784391534391535,0.5620039682539683,0.35300925925925924,0.1775793650793651,0.0,0.07041160340574665,407.6655087166573
chronos2-w8-hqq,monash_m3_quarterly,conformal,0.0030588624338624415,0.7938161375661376,0.5963955026455027,0.39897486772486773,0.19857804232804233,0.0,0.07040945241412294,407.6530550151064
chronos2-w8a16-rtn,monash_m3_quarterly,before,0.039599867724867725,0.7733134920634921,0.5499338624338624,0.3531746031746032,0.16517857142857142,0.06646825396825397,0.07053893463457137,408.4027245683574
chronos2-w8a16-rtn,monash_m3_quarterly,sorted,0.03897982804232806,0.7733134920634921,0.550760582010582,0.35284391534391535,0.1671626984126984,0.0,0.07053439944866613,408.3764669804066
chronos2-w8a16-rtn,monash_m3_quarterly,conformal,0.0033068783068783206,0.7933201058201058,0.5978835978835979,0.39715608465608465,0.1984126984126984,0.0,0.07053764498765855,408.3952578364647
chronos2-w8a16-rtn-pt,monash_m3_quarterly,before,0.04406415343915344,0.7728174603174603,0.5509259259259259,0.3287037037037037,0.1712962962962963,0.1789021164021164,0.07009125138105204,405.8107509097234
chronos2-w8a16-rtn-pt,monash_m3_quarterly,sorted,0.042328042328042326,0.7733134920634921,0.5525793650793651,0.33664021164021163,0.16815476190476192,0.0,0.07005493527988456,405.60048980017683
chronos2-w8a16-rtn-pt,monash_m3_quarterly,conformal,0.002480158730158749,0.7946428571428571,0.5978835978835979,0.398478835978836,0.19907407407407407,0.0,0.06989621543936056,404.68154176603264
chronos2-w8a16-torchao,monash_m3_quarterly,before,0.03749173280423281,0.771494708994709,0.5530753968253969,0.35466269841269843,0.17080026455026456,0.07572751322751323,0.07052612262673082,408.32854625908226
chronos2-w8a16-torchao,monash_m3_quarterly,sorted,0.03707837301587305,0.771494708994709,0.5542328042328042,0.35383597883597884,0.17212301587301587,0.0,0.07052153680142392,408.3019954817074
chronos2-w8a16-torchao,monash_m3_quarterly,conformal,0.003215939153439172,0.7943121693121693,0.5970568783068783,0.396494708994709,0.20072751322751323,0.0,0.07051290532945008,408.2520214256856
chronos2-w8a8-torchao-dyn,monash_m3_quarterly,before,0.038938492063492064,0.7713293650793651,0.5510912698412699,0.3525132275132275,0.1693121693121693,0.0765542328042328,0.07031402503165965,407.10055442520763
chronos2-w8a8-torchao-dyn,monash_m3_quarterly,sorted,0.03848379629629631,0.7713293650793651,0.5522486772486772,0.3523478835978836,0.1701388888888889,0.0,0.07030950276303313,407.0743716250581
chronos2-w8a8-torchao-dyn,monash_m3_quarterly,conformal,0.004373346560846578,0.7936507936507936,0.5949074074074074,0.3968253968253968,0.20287698412698413,0.0,0.07028769070005494,406.9480852557658
chronos2-fp32,monash_m3_yearly,before,0.01828165374677003,0.7844961240310078,0.5842377260981912,0.3671834625322997,0.1909560723514212,0.0010335917312661498,0.14675682831136846,904.021559157173
chronos2-fp32,monash_m3_yearly,sorted,0.01828165374677003,0.7844961240310078,0.5842377260981912,0.3671834625322997,0.1909560723514212,0.0,0.1467568119737798,904.0214585176831
chronos2-fp32,monash_m3_yearly,conformal,0.00368217054263565,0.8002583979328165,0.5922480620155038,0.3984496124031008,0.19483204134366924,0.0,0.1449074148941941,892.6291788491646
chronos2-w2-rtn-sim,monash_m3_yearly,before,0.4781653746770026,0.043410852713178294,0.023772609819121448,0.014470284237726097,0.005684754521963824,0.3488372093023256,0.36092175505324203,2223.2767734985177
chronos2-w2-rtn-sim,monash_m3_yearly,sorted,0.4780361757105943,0.043410852713178294,0.023772609819121448,0.015503875968992248,0.00516795865633075,0.0,0.36084997738733526,2222.8346233226634
chronos2-w2-rtn-sim,monash_m3_yearly,conformal,0.0030361757105943077,0.8018087855297158,0.6007751937984496,0.3950904392764858,0.20465116279069767,0.0,0.24370049884635087,1501.1942372250946
chronos2-w3-awq-rtn,monash_m3_yearly,before,0.2082687338501292,0.4540051679586563,0.4664082687338501,0.1847545219638243,0.06175710594315245,0.6981912144702842,0.16039271818443518,988.0185940167113
chronos2-w3-awq-rtn,monash_m3_yearly,sorted,0.20090439276485791,0.541860465116279,0.39638242894056847,0.18501291989664082,0.0731266149870801,0.0,0.1589890910367913,979.372255600374
chronos2-w3-awq-rtn,monash_m3_yearly,conformal,0.0020671834625323043,0.8,0.6020671834625323,0.4,0.1937984496124031,0.0,0.14814710100867345,912.5856342052161
chronos2-w3-gptaq,monash_m3_yearly,before,0.03992248062015501,0.8366925064599483,0.6581395348837209,0.4359173126614987,0.2289405684754522,0.19043927648578812,0.13160565571548166,810.6903879210882
chronos2-w3-gptaq,monash_m3_yearly,sorted,0.04198966408268734,0.8369509043927649,0.6604651162790698,0.43669250645994834,0.23385012919896642,0.0,0.13149898430772144,810.0332924150702
chronos2-w3-gptaq,monash_m3_yearly,conformal,0.0021317829457364462,0.7994832041343669,0.5997416020671834,0.40310077519379844,0.20465116279069767,0.0,0.1300976732002826,801.4012207984541
chronos2-w3-gptq,monash_m3_yearly,before,0.06040051679586561,0.8498708010335917,0.6824289405684755,0.46124031007751937,0.24806201550387597,0.13514211886304908,0.1388057624738014,855.0430208625978
chronos2-w3-gptq,monash_m3_yearly,sorted,0.06104651162790698,0.8506459948320414,0.6824289405684755,0.4627906976744186,0.2483204134366925,0.0,0.1387017362741902,854.4022198297072
chronos2-w3-gptq,monash_m3_yearly,conformal,0.004651162790697633,0.8059431524547803,0.596640826873385,0.40645994832041343,0.20284237726098192,0.0,0.13789901917594694,849.4574852571095
chronos2-w3-hqq,monash_m3_yearly,before,0.1308139534883721,0.6103359173126615,0.4284237726098191,0.2979328165374677,0.1400516795865633,0.44315245478036175,0.15621377673145556,962.27632899628
chronos2-w3-hqq,monash_m3_yearly,sorted,0.1217700258397933,0.6211886304909561,0.4563307493540052,0.29896640826873383,0.13643410852713178,0.0,0.15523923197947942,956.2731366658985
chronos2-w3-hqq,monash_m3_yearly,conformal,0.005297157622739017,0.8,0.5922480620155038,0.40310077519379844,0.1896640826873385,0.0,0.1395407363484327,859.5704574100429
chronos2-w3-rtn-sim,monash_m3_yearly,before,0.2834625322997416,0.3511627906976744,0.3395348837209302,0.13565891472868216,0.03979328165374677,0.6490956072351421,0.1814646308788833,1117.821503957244
chronos2-w3-rtn-sim,monash_m3_yearly,sorted,0.28171834625322995,0.4131782945736434,0.29069767441860467,0.12506459948320414,0.044186046511627906,0.0,0.180361706937772,1111.0274962620128
chronos2-w3-rtn-sim,monash_m3_yearly,conformal,0.0036175710594315014,0.796124031007752,0.5948320413436693,0.40258397932816536,0.1971576227390181,0.0,0.15721655388015268,968.4534327936515
chronos2-w4-awq-rtn,monash_m3_yearly,before,0.2069121447028424,0.5390180878552971,0.3302325581395349,0.21214470284237727,0.09095607235142118,0.3979328165374677,0.1673272013052313,1030.7349862619203
chronos2-w4-awq-rtn,monash_m3_yearly,sorted,0.20368217054263568,0.5436692506459948,0.3359173126614987,0.21266149870801035,0.09302325581395349,0.0,0.16611103184284592,1023.2433865439684
chronos2-w4-awq-rtn,monash_m3_yearly,conformal,0.0029715762273901866,0.7984496124031008,0.5948320413436693,0.39974160206718345,0.2049095607235142,0.0,0.1448494160288466,892.2719060375073
chronos2-w4-bnb-nf4,monash_m3_yearly,before,0.06072351421188629,0.7322997416020672,0.5459948320413437,0.32222222222222224,0.15658914728682172,0.21136950904392765,0.14027376219732418,864.0858941256107
chronos2-w4-bnb-nf4,monash_m3_yearly,sorted,0.05587855297157625,0.7348837209302326,0.5465116279069767,0.3310077519379845,0.1640826873385013,0.0,0.14014250157079314,863.2773291162823
chronos2-w4-bnb-nf4,monash_m3_yearly,conformal,0.0016795865633075155,0.7987080103359173,0.6020671834625323,0.39896640826873386,0.19767441860465115,0.0,0.13617665408613994,838.8477222100256
chronos2-w4-gptaq-g64,monash_m3_yearly,before,0.030297157622739004,0.8304909560723515,0.6397932816537467,0.4260981912144703,0.2248062015503876,0.07080103359173126,0.1334583821441218,822.1031763683651
chronos2-w4-gptaq-g64,monash_m3_yearly,sorted,0.030620155038759693,0.8304909560723515,0.6405684754521964,0.4255813953488372,0.22583979328165374,0.0,0.1334469071076757,822.0324901832057
chronos2-w4-gptaq-g64,monash_m3_yearly,conformal,0.0016149870801033875,0.7976744186046512,0.6002583979328165,0.3981912144702842,0.2020671834625323,0.0,0.1330199434074647,819.4023952539987
chronos2-w4-gptq,monash_m3_yearly,before,0.025387596899224797,0.8333333333333334,0.641860465116279,0.41472868217054265,0.2116279069767442,0.10129198966408269,0.1346400519763788,829.3822584830281
chronos2-w4-gptq,monash_m3_yearly,sorted,0.025968992248062026,0.8333333333333334,0.6426356589147287,0.4165374677002584,0.21136950904392765,0.0,0.13461795001124946,829.2461104536208
chronos2-w4-gptq,monash_m3_yearly,conformal,0.0014857881136950898,0.8025839793281654,0.6005167958656331,0.4012919896640827,0.20155038759689922,0.0,0.13390232156615317,824.8378416857745
chronos2-w4-gptq-g64,monash_m3_yearly,before,0.035335917312661475,0.834625322997416,0.6498708010335917,0.4263565891472868,0.23049095607235143,0.050387596899224806,0.13355202802321603,822.6800346624664
chronos2-w4-gptq-g64,monash_m3_yearly,sorted,0.035529715762273886,0.834625322997416,0.6498708010335917,0.42661498708010337,0.2310077519379845,0.0,0.13354482737303183,822.6356786820235
chronos2-w4-gptq-g64,monash_m3_yearly,conformal,0.0034883720930232523,0.7987080103359173,0.5919896640826874,0.40284237726098193,0.19819121447028423,0.0,0.1328593932520712,818.4134068473138
chronos2-w4-hqq,monash_m3_yearly,before,0.08255813953488375,0.6713178294573643,0.5385012919896641,0.31369509043927646,0.1462532299741602,0.2834625322997416,0.14147269156187275,871.4712949000054
chronos2-w4-hqq,monash_m3_yearly,sorted,0.07713178294573646,0.6839793281653747,0.5351421188630491,0.317312661498708,0.15503875968992248,0.0,0.14118733029673283,869.7134704852699
chronos2-w4-hqq,monash_m3_yearly,conformal,0.003617571059431529,0.8018087855297158,0.6028423772609819,0.3945736434108527,0.19560723514211886,0.0,0.13702207557022433,844.0555156529679
chronos2-w4-rtn-sim,monash_m3_yearly,before,0.2248062015503876,0.5082687338501292,0.31369509043927646,0.20155038759689922,0.0772609819121447,0.4529715762273902,0.1667282614543658,1027.0455188344015
chronos2-w4-rtn-sim,monash_m3_yearly,sorted,0.21970284237726098,0.5165374677002584,0.324031007751938,0.20258397932816538,0.07803617571059432,0.0,0.16484438655584907,1015.4408559194954
chronos2-w4-rtn-sim,monash_m3_yearly,conformal,0.0016149870801033944,0.7992248062015503,0.5968992248062015,0.3992248062015504,0.20180878552971576,0.0,0.1439603084923155,886.795006661296
chronos2-w6-rtn-sim,monash_m3_yearly,before,0.06511627906976747,0.7155038759689922,0.5229974160206718,0.32945736434108525,0.17157622739018089,0.1338501291989664,0.14432964244711913,889.0701025564109
chronos2-w6-rtn-sim,monash_m3_yearly,sorted,0.06414728682170542,0.7170542635658915,0.5258397932816538,0.327390180878553,0.1731266149870801,0.0,0.14429495476540102,888.856426555974
chronos2-w6-rtn-sim,monash_m3_yearly,conformal,0.0007751937984496193,0.8,0.5989664082687338,0.39948320413436694,0.19844961240310077,0.0,0.14049285159007374,865.4354840336729
chronos2-w8-bnb-int8,monash_m3_yearly,before,0.022416020671834617,0.782687338501292,0.568217054263566,0.36589147286821705,0.19354005167958657,0.03643410852713178,0.14606724777300048,899.7737454054528
chronos2-w8-bnb-int8,monash_m3_yearly,sorted,0.02228682170542637,0.782687338501292,0.5684754521963824,0.36589147286821705,0.1937984496124031,0.0,0.14606461549122768,899.757530558759
chronos2-w8-bnb-int8,monash_m3_yearly,conformal,0.0018087855297157784,0.7981912144702842,0.5989664082687338,0.4010335917312661,0.19664082687338502,0.0,0.14428821514151796,888.8149104959651
chronos2-w8-gptq,monash_m3_yearly,before,0.011111111111111106,0.8093023255813954,0.6201550387596899,0.39276485788113696,0.20775193798449612,0.0007751937984496124,0.13445570822597447,828.2467016126669
chronos2-w8-gptq,monash_m3_yearly,sorted,0.011111111111111106,0.8093023255813954,0.6201550387596899,0.39276485788113696,0.20775193798449612,0.0,0.13445568243148276,828.2465427186864
chronos2-w8-gptq,monash_m3_yearly,conformal,0.004005167958656339,0.7997416020671835,0.5899224806201551,0.3958656330749354,0.19844961240310077,0.0,0.13267727593698123,817.2915648108544
chronos2-w8-hqq,monash_m3_yearly,before,0.01770025839793283,0.7855297157622739,0.5829457364341085,0.36640826873385013,0.19431524547803616,0.0012919896640826874,0.14646459633969838,902.2214112137722
chronos2-w8-hqq,monash_m3_yearly,sorted,0.01770025839793283,0.7855297157622739,0.5829457364341085,0.36640826873385013,0.19431524547803616,0.0,0.1464645859758848,902.2213473727161
chronos2-w8-hqq,monash_m3_yearly,conformal,0.004715762273901809,0.7989664082687339,0.5935400516795866,0.3945736434108527,0.19405684754521965,0.0,0.14457015186081876,890.5516397200745
chronos2-w8a16-rtn,monash_m3_yearly,before,0.018798449612403116,0.7868217054263565,0.5757105943152455,0.37157622739018087,0.19069767441860466,0.03979328165374677,0.14626861011654568,901.0141367512041
chronos2-w8a16-rtn,monash_m3_yearly,sorted,0.018669250645994867,0.7868217054263565,0.575968992248062,0.37157622739018087,0.1909560723514212,0.0,0.14626534246522685,900.9940080302849
chronos2-w8a16-rtn,monash_m3_yearly,conformal,0.003552971576227415,0.7987080103359173,0.5950904392764857,0.3958656330749354,0.19612403100775194,0.0,0.14456697313594302,890.53205878574
chronos2-w8a16-rtn-pt,monash_m3_yearly,before,0.03184754521963827,0.7764857881136951,0.5638242894056847,0.3434108527131783,0.18888888888888888,0.08320413436692506,0.1455613216180739,896.6572420259663
chronos2-w8a16-rtn-pt,monash_m3_yearly,sorted,0.031589147286821724,0.7764857881136951,0.5640826873385013,0.34521963824289403,0.18785529715762275,0.0,0.14554416577210844,896.5515620736476
chronos2-w8a16-rtn-pt,monash_m3_yearly,conformal,0.0014857881136951037,0.796124031007752,0.6010335917312661,0.3992248062015504,0.19974160206718347,0.0,0.1429213043342948,880.3947446107165
chronos2-w8a16-torchao,monash_m3_yearly,before,0.020025839793281652,0.7852713178294574,0.5728682170542636,0.36795865633074937,0.1937984496124031,0.04832041343669251,0.14594006901466436,898.9903246902085
chronos2-w8a16-torchao,monash_m3_yearly,sorted,0.01989664082687341,0.7852713178294574,0.5731266149870801,0.3682170542635659,0.1937984496124031,0.0,0.14593523256396526,898.9605321704865
chronos2-w8a16-torchao,monash_m3_yearly,conformal,0.002648578811369491,0.8005167958656331,0.5956072351421189,0.3979328165374677,0.19638242894056848,0.0,0.14408398921738272,887.5568795035989
chronos2-w8a8-torchao-dyn,monash_m3_yearly,before,0.023255813953488393,0.7811369509043927,0.5705426356589147,0.36511627906976746,0.19018087855297158,0.04883720930232558,0.14527428325879665,894.8890867170957
chronos2-w8a8-torchao-dyn,monash_m3_yearly,sorted,0.023062015503875988,0.7811369509043927,0.5708010335917313,0.36589147286821705,0.18992248062015504,0.0,0.14526913888035012,894.8573973635056
chronos2-w8a8-torchao-dyn,monash_m3_yearly,conformal,0.0026485788113695466,0.7953488372093023,0.5961240310077519,0.3992248062015504,0.1987080103359173,0.0,0.14344885486797207,883.6444540891558
chronos2-fp32,monash_nn5_weekly,before,0.028434684684684707,0.7725225225225225,0.5619369369369369,0.35923423423423423,0.19256756756756757,0.0,0.0815984923183776,11.112420132496693
chronos2-fp32,monash_nn5_weekly,sorted,0.028434684684684707,0.7725225225225225,0.5619369369369369,0.35923423423423423,0.19256756756756757,0.0,0.0815984923183776,11.112420132496693
chronos2-fp32,monash_nn5_weekly,conformal,0.0057995495495495805,0.8074324324324325,0.6036036036036037,0.3885135135135135,0.19932432432432431,0.0,0.08062650115889998,10.980050356753239
chronos2-w2-rtn-sim,monash_nn5_weekly,before,0.4541103603603604,0.09121621621621621,0.05405405405405406,0.02927927927927928,0.009009009009009009,0.5,0.1341315214201833,18.26658528464454
chronos2-w2-rtn-sim,monash_nn5_weekly,sorted,0.4538288288288288,0.09346846846846847,0.05518018018018018,0.02702702702702703,0.009009009009009009,0.0,0.1340120669560076,18.25031748171206
chronos2-w2-rtn-sim,monash_nn5_weekly,conformal,0.0064189189189189436,0.786036036036036,0.6002252252252253,0.40878378378378377,0.20270270270270271,0.0,0.1068248607277203,14.547851305513888
chronos2-w3-awq-rtn,monash_nn5_weekly,before,0.14161036036036034,0.6204954954954955,0.5123873873873874,0.23873873873873874,0.061936936936936936,0.36936936936936937,0.08698539085756543,11.846030252951163
chronos2-w3-awq-rtn,monash_nn5_weekly,sorted,0.1410472972972973,0.6351351351351351,0.5,0.23648648648648649,0.06418918918918919,0.0,0.0868025744006979,11.821133551821932
chronos2-w3-awq-rtn,monash_nn5_weekly,conformal,0.010585585585585568,0.7882882882882883,0.579954954954955,0.4099099099099099,0.19932432432432431,0.0,0.0851254031747058,11.59272943836552
chronos2-w3-gptaq,monash_nn5_weekly,before,0.01627252252252253,0.7871621621621622,0.5765765765765766,0.3738738738738739,0.20270270270270271,0.012387387387387387,0.08176735040551004,11.135415925110904
chronos2-w3-gptaq,monash_nn5_weekly,sorted,0.01627252252252253,0.7871621621621622,0.5765765765765766,0.3738738738738739,0.20270270270270271,0.0,0.08176503390587742,11.135100454611106
chronos2-w3-gptaq,monash_nn5_weekly,conformal,0.010641891891891866,0.8006756756756757,0.588963963963964,0.4166666666666667,0.1858108108108108,0.0,0.08036788317907567,10.944830690752399
chronos2-w3-gptq,monash_nn5_weekly,before,0.009009009009009007,0.8130630630630631,0.6114864864864865,0.4009009009009009,0.21058558558558557,0.018018018018018018,0.0806909694052219,10.98882990914422
chronos2-w3-gptq,monash_nn5_weekly,sorted,0.009009009009009007,0.8130630630630631,0.6114864864864865,0.4009009009009009,0.21058558558558557,0.0,0.08068630744620635,10.988195024286066
chronos2-w3-gptq,monash_nn5_weekly,conformal,0.005799549549549539,0.793918918918919,0.5878378378378378,0.40315315315315314,0.1981981981981982,0.0,0.07979408973621377,10.866689126794643
chronos2-w3-hqq,monash_nn5_weekly,before,0.04476351351351352,0.7612612612612613,0.5349099099099099,0.3547297297297297,0.17004504504504506,0.05630630630630631,0.08357396293844557,11.381447891048245
chronos2-w3-hqq,monash_nn5_weekly,sorted,0.04420045045045045,0.7612612612612613,0.5382882882882883,0.35135135135135137,0.17229729729729729,0.0,0.08354774907056838,11.377877978113917
chronos2-w3-hqq,monash_nn5_weekly,conformal,0.004110360360360353,0.8018018018018018,0.5990990990990991,0.40540540540540543,0.20833333333333334,0.0,0.08177236191368202,11.13609841301873
chronos2-w3-rtn-sim,monash_nn5_weekly,before,0.21002252252252257,0.5394144144144144,0.40427927927927926,0.17342342342342343,0.04279279279279279,0.3738738738738739,0.08912757759611954,12.137762101968606
chronos2-w3-rtn-sim,monash_nn5_weekly,sorted,0.20861486486486489,0.5506756756756757,0.39414414414414417,0.17454954954954954,0.04617117117117117,0.0,0.08894586052464128,12.11301511968817
chronos2-w3-rtn-sim,monash_nn5_weekly,conformal,0.008389639639639644,0.7871621621621622,0.5912162162162162,0.3975225225225225,0.20945945945945946,0.0,0.08460780815214644,11.522241207691762
chronos2-w4-awq-rtn,monash_nn5_weekly,before,0.09234234234234236,0.7376126126126126,0.4831081081081081,0.30292792792792794,0.10698198198198199,0.08333333333333333,0.0859363454873537,11.703166916134121
chronos2-w4-awq-rtn,monash_nn5_weekly,sorted,0.09206081081081083,0.7376126126126126,0.4864864864864865,0.30067567567567566,0.10698198198198199,0.0,0.08587344632212525,11.69460104769534
chronos2-w4-awq-rtn,monash_nn5_weekly,conformal,0.004504504504504528,0.7961711711711712,0.5923423423423423,0.39864864864864863,0.19481981981981983,0.0,0.08421708037856745,11.469030283640574
chronos2-w4-bnb-nf4,monash_nn5_weekly,before,0.015484234234234236,0.7815315315315315,0.597972972972973,0.36599099099099097,0.19256756756756757,0.00563063063063063,0.0814858405649556,11.097078750847098
chronos2-w4-bnb-nf4,monash_nn5_weekly,sorted,0.015484234234234236,0.7815315315315315,0.597972972972973,0.36599099099099097,0.19256756756756757,0.0,0.08148404248852513,11.0968338813629
chronos2-w4-bnb-nf4,monash_nn5_weekly,conformal,0.006024774774774769,0.7961711711711712,0.5900900900900901,0.4099099099099099,0.20045045045045046,0.0,0.08048261198231849,10.960454933636182
chronos2-w4-gptaq-g64,monash_nn5_weekly,before,0.024211711711711728,0.7759009009009009,0.5731981981981982,0.36261261261261263,0.19144144144144143,0.0011261261261261261,0.08165465612689611,11.120068752204812
chronos2-w4-gptaq-g64,monash_nn5_weekly,sorted,0.024211711711711728,0.7759009009009009,0.5731981981981982,0.36261261261261263,0.19144144144144143,0.0,0.08165465508102804,11.120068609774172
chronos2-w4-gptaq-g64,monash_nn5_weekly,conformal,0.003209459459459496,0.7972972972972973,0.6047297297297297,0.39864864864864863,0.19594594594594594,0.0,0.08051976379290679,10.965514420842505
chronos2-w4-gptq,monash_nn5_weekly,before,0.021114864864864864,0.7781531531531531,0.5720720720720721,0.36711711711711714,0.1981981981981982,0.0022522522522522522,0.08172501202792255,11.129650109761709
chronos2-w4-gptq,monash_nn5_weekly,sorted,0.021114864864864864,0.7781531531531531,0.5720720720720721,0.36711711711711714,0.1981981981981982,0.0,0.08172492965109154,11.129638891344195
chronos2-w4-gptq,monash_nn5_weekly,conformal,0.0031531531531531418,0.8006756756756757,0.6047297297297297,0.4009009009009009,0.19369369369369369,0.0,0.0806535786137801,10.983737876536969
chronos2-w4-gptq-g64,monash_nn5_weekly,before,0.030686936936936964,0.7713963963963963,0.5630630630630631,0.36036036036036034,0.18243243243243243,0.0022522522522522522,0.08159361859000486,11.111756408011711
chronos2-w4-gptq-g64,monash_nn5_weekly,sorted,0.030686936936936964,0.7713963963963963,0.5630630630630631,0.36036036036036034,0.18243243243243243,0.0,0.08159327926750343,11.111710197670202
chronos2-w4-gptq-g64,monash_nn5_weekly,conformal,0.004617117117117139,0.7984234234234234,0.6024774774774775,0.39076576576576577,0.19481981981981983,0.0,0.08053080428816924,10.967017961145043
chronos2-w4-hqq,monash_nn5_weekly,before,0.035472972972973,0.7533783783783784,0.5641891891891891,0.3502252252252252,0.19031531531531531,0.009009009009009009,0.08220141868334528,11.19452913826531
chronos2-w4-hqq,monash_nn5_weekly,sorted,0.035472972972973,0.7545045045045045,0.5630630630630631,0.3502252252252252,0.19031531531531531,0.0,0.08219918368010783,11.194224766281632
chronos2-w4-hqq,monash_nn5_weekly,conformal,0.007319819819819821,0.793918918918919,0.5912162162162162,0.393018018018018,0.19256756756756757,0.0,0.08103410314383318,11.035559280689535
chronos2-w4-rtn-sim,monash_nn5_weekly,before,0.09515765765765766,0.7274774774774775,0.481981981981982,0.30405405405405406,0.10585585585585586,0.08896396396396396,0.0862180105530952,11.741525229605827
chronos2-w4-rtn-sim,monash_nn5_weekly,sorted,0.09515765765765766,0.7274774774774775,0.48423423423423423,0.30180180180180183,0.10585585585585586,0.0,0.08615828121139614,11.733391040844005
chronos2-w4-rtn-sim,monash_nn5_weekly,conformal,0.0070382882882883135,0.7916666666666666,0.5957207207207207,0.3952702702702703,0.1891891891891892,0.0,0.08434467211900466,11.486406254505848
chronos2-w6-rtn-sim,monash_nn5_weekly,before,0.04251126126126128,0.75,0.5427927927927928,0.3547297297297297,0.18243243243243243,0.0022522522522522522,0.0821136020065137,11.182569900050654
chronos2-w6-rtn-sim,monash_nn5_weekly,sorted,0.04251126126126128,0.75,0.5427927927927928,0.3547297297297297,0.18243243243243243,0.0,0.08211316700601061,11.182510659883208
chronos2-w6-rtn-sim,monash_nn5_weekly,conformal,0.006756756756756785,0.7984234234234234,0.5867117117117117,0.3963963963963964,0.19144144144144143,0.0,0.08095315658297092,11.024535643278776
chronos2-w8-bnb-int8,monash_nn5_weekly,before,0.02815315315315317,0.7781531531531531,0.5596846846846847,0.35923423423423423,0.19031531531531531,0.0,0.08148435644241708,11.096876636902252
chronos2-w8-bnb-int8,monash_nn5_weekly,sorted,0.02815315315315317,0.7781531531531531,0.5596846846846847,0.35923423423423423,0.19031531531531531,0.0,0.08148435644241708,11.096876636902252
chronos2-w8-bnb-int8,monash_nn5_weekly,conformal,0.0037725225225225464,0.7995495495495496,0.6036036036036037,0.3952702702702703,0.19369369369369369,0.0,0.08052281440500104,10.96592986581323
chronos2-w8-gptq,monash_nn5_weekly,before,0.026745495495495535,0.7713963963963963,0.5698198198198198,0.35923423423423423,0.19256756756756757,0.0,0.08158779087012988,11.110962765018744
chronos2-w8-gptq,monash_nn5_weekly,sorted,0.026745495495495535,0.7713963963963963,0.5698198198198198,0.35923423423423423,0.19256756756756757,0.0,0.08158779087012988,11.110962765018744
chronos2-w8-gptq,monash_nn5_weekly,conformal,0.006587837837837833,0.8006756756756757,0.6137387387387387,0.3918918918918919,0.20382882882882883,0.0,0.08057580645737739,10.973146542653188
chronos2-w8-hqq,monash_nn5_weekly,before,0.028434684684684707,0.7713963963963963,0.5630630630630631,0.35923423423423423,0.19256756756756757,0.0,0.08162858736059565,11.116518599803264
chronos2-w8-hqq,monash_nn5_weekly,sorted,0.028434684684684707,0.7713963963963963,0.5630630630630631,0.35923423423423423,0.19256756756756757,0.0,0.08162858736059565,11.116518599803264
chronos2-w8-hqq,monash_nn5_weekly,conformal,0.006081081081081095,0.8074324324324325,0.6036036036036037,0.38963963963963966,0.19707207207207209,0.0,0.08064423665522581,10.982465649987603
chronos2-w8a16-rtn,monash_nn5_weekly,before,0.028716216216216256,0.777027027027027,0.5585585585585585,0.35923423423423423,0.19031531531531531,0.0,0.08158413079664466,11.11046432107538
chronos2-w8a16-rtn,monash_nn5_weekly,sorted,0.028716216216216256,0.777027027027027,0.5585585585585585,0.35923423423423423,0.19031531531531531,0.0,0.08158413079664466,11.11046432107538
chronos2-w8a16-rtn,monash_nn5_weekly,conformal,0.004335585585585597,0.8051801801801802,0.6047297297297297,0.393018018018018,0.20045045045045046,0.0,0.08062159344752585,10.97938200432259
chronos2-w8a16-rtn-pt,monash_nn5_weekly,before,0.03828828828828829,0.7668918918918919,0.5461711711711712,0.3581081081081081,0.17567567567567569,0.0,0.08176418852903579,11.134985327696777
chronos2-w8a16-rtn-pt,monash_nn5_weekly,sorted,0.03828828828828829,0.7668918918918919,0.5461711711711712,0.3581081081081081,0.17567567567567569,0.0,0.08176418852903579,11.134985327696777
chronos2-w8a16-rtn-pt,monash_nn5_weekly,conformal,0.004054054054054068,0.7984234234234234,0.6013513513513513,0.3963963963963964,0.19031531531531531,0.0,0.08061053432431568,10.97787592718909
chronos2-w8a16-torchao,monash_nn5_weekly,before,0.029279279279279313,0.7747747747747747,0.5585585585585585,0.35923423423423423,0.19031531531531531,0.0,0.08159728957570739,11.112256338025954
chronos2-w8a16-torchao,monash_nn5_weekly,sorted,0.029279279279279313,0.7747747747747747,0.5585585585585585,0.35923423423423423,0.19031531531531531,0.0,0.08159728957570739,11.112256338025954
chronos2-w8a16-torchao,monash_nn5_weekly,conformal,0.005180180180180183,0.8051801801801802,0.6047297297297297,0.38963963963963966,0.20045045045045046,0.0,0.08061268171577392,10.978168367838357
chronos2-w8a8-torchao-dyn,monash_nn5_weekly,before,0.02927927927927928,0.7702702702702703,0.5608108108108109,0.3581081081081081,0.19369369369369369,0.0,0.08158278986409959,11.110281707335997
chronos2-w8a8-torchao-dyn,monash_nn5_weekly,sorted,0.02927927927927928,0.7702702702702703,0.5608108108108109,0.3581081081081081,0.19369369369369369,0.0,0.08158278986409959,11.110281707335997
chronos2-w8a8-torchao-dyn,monash_nn5_weekly,conformal,0.00579954954954956,0.8040540540540541,0.6024774774774775,0.3885135135135135,0.19481981981981983,0.0,0.0805508756782509,10.96975136605111
chronos2-fp32,monash_tourism_monthly,before,0.010473588342440783,0.8161429872495446,0.6120218579234973,0.4067622950819672,0.2069672131147541,0.00011384335154826958,0.07252006794883471,1378.3970808598851
chronos2-fp32,monash_tourism_monthly,sorted,0.010473588342440783,0.8161429872495446,0.6120218579234973,0.4067622950819672,0.2069672131147541,0.0,0.07252006781261487,1378.3970782707395
chronos2-fp32,monash_tourism_monthly,conformal,0.0011953551912568458,0.799408014571949,0.6009790528233151,0.401183970856102,0.1979735883424408,0.0,0.07237737165143725,1375.6848362999247
chronos2-w2-rtn-sim,monash_tourism_monthly,before,0.46388319672131145,0.06568761384335155,0.045765027322404374,0.022654826958105646,0.010359744990892532,0.5416666666666666,0.512523135202366,9741.584824969117
chronos2-w2-rtn-sim,monash_tourism_monthly,sorted,0.4630578324225866,0.06750910746812386,0.04553734061930783,0.02413479052823315,0.01058743169398907,0.0,0.5121709583282312,9734.890959546981
chronos2-w2-rtn-sim,monash_tourism_monthly,conformal,0.005931238615664851,0.7885928961748634,0.6090619307832422,0.401183970856102,0.2020719489981785,0.0,0.47368720551913884,9003.425945338611
chronos2-w3-awq-rtn,monash_tourism_monthly,before,0.19259448998178508,0.45412112932604737,0.47950819672131145,0.22438524590163936,0.07160746812386157,0.8912795992714025,0.16337166355849353,3105.2235679526725
chronos2-w3-awq-rtn,monash_tourism_monthly,sorted,0.16495901639344263,0.5967668488160291,0.43123861566484517,0.22427140255009106,0.08788706739526411,0.0,0.15399786466550422,2927.0547190241236
chronos2-w3-awq-rtn,monash_tourism_monthly,conformal,0.001155510018214928,0.8015710382513661,0.600523679417122,0.401183970856102,0.19865664845173042,0.0,0.1523679338872218,2896.0744415597765
chronos2-w3-gptaq,monash_tourism_monthly,before,0.021744080145719477,0.8234289617486339,0.6198770491803278,0.4319216757741348,0.21174863387978143,0.4813296903460838,0.08010237470649793,1522.5148374554938
chronos2-w3-gptaq,monash_tourism_monthly,sorted,0.03244535519125679,0.8334471766848816,0.6378642987249544,0.43989071038251365,0.2185792349726776,0.0,0.07874777088912997,1496.7677304767883
chronos2-w3-gptaq,monash_tourism_monthly,conformal,0.0016450364298724734,0.8007741347905283,0.5991575591985429,0.40334699453551914,0.20161657559198543,0.0,0.07856335976843877,1493.26260758283
chronos2-w3-gptq,monash_tourism_monthly,before,0.03358378870673951,0.8579234972677595,0.6474271402550091,0.41791894353369763,0.21106557377049182,0.48599726775956287,0.08351207015539386,1587.3233020131295
chronos2-w3-gptq,monash_tourism_monthly,sorted,0.044598132969034594,0.863615664845173,0.6588114754098361,0.43465391621129323,0.22131147540983606,0.0,0.08232491418301381,1564.7588950408613
chronos2-w3-gptq,monash_tourism_monthly,conformal,0.0027094717668487978,0.8069216757741348,0.6031420765027322,0.39924863387978143,0.20002276867030966,0.0,0.08217719239056104,1561.9511303316508
chronos2-w3-hqq,monash_tourism_monthly,before,0.0585724043715847,0.7419171220400729,0.5045537340619308,0.3391393442622951,0.18010018214936246,0.6639344262295082,0.09781902847520135,1859.2572665251355
chronos2-w3-hqq,monash_tourism_monthly,sorted,0.03600295992714026,0.7751593806921676,0.5417805100182149,0.3603142076502732,0.17873406193078326,0.0,0.09040984483485298,1718.4300804748343
chronos2-w3-hqq,monash_tourism_monthly,conformal,0.0024817850637522676,0.7984972677595629,0.5982468123861566,0.40505464480874315,0.20161657559198543,0.0,0.09004382443933548,1711.473089686127
chronos2-w3-rtn-sim,monash_tourism_monthly,before,0.2144808743169399,0.43328779599271405,0.44626593806921677,0.20662568306010928,0.05589708561020036,0.8808060109289617,0.1688571664851144,3209.4871385058227
chronos2-w3-rtn-sim,monash_tourism_monthly,sorted,0.2026127049180328,0.543488160291439,0.3813752276867031,0.1984289617486339,0.0662568306010929,0.0,0.1618915154367299,3077.0902262724258
chronos2-w3-rtn-sim,monash_tourism_monthly,conformal,0.0006602914389799638,0.8014571948998178,0.6001821493624773,0.39936247723132967,0.20036429872495445,0.0,0.15949787002688828,3031.5939389845107
chronos2-w4-awq-rtn,monash_tourism_monthly,before,0.18889458105646628,0.5621584699453552,0.3353825136612022,0.24419398907103826,0.10268670309653916,0.6655282331511839,0.1492953981391109,2837.6744093228826
chronos2-w4-awq-rtn,monash_tourism_monthly,sorted,0.17392418032786885,0.588228597449909,0.375,0.24020947176684881,0.10086520947176685,0.0,0.14120610109051224,2683.920231295033
chronos2-w4-awq-rtn,monash_tourism_monthly,conformal,0.0013661202185792434,0.8013433515482696,0.6007513661202186,0.4008424408014572,0.20252732240437157,0.0,0.13677315794940068,2599.6627828652117
chronos2-w4-bnb-nf4,monash_tourism_monthly,before,0.009187158469945354,0.8060109289617486,0.6168032786885246,0.39162112932604737,0.19444444444444445,0.28825136612021857,0.07522065205424837,1429.7273864264093
chronos2-w4-bnb-nf4,monash_tourism_monthly,sorted,0.011805555555555548,0.8194444444444444,0.619535519125683,0.39651639344262296,0.19524134790528233,0.0,0.0743671365622206,1413.5045215566493
chronos2-w4-bnb-nf4,monash_tourism_monthly,conformal,0.0013661202185792296,0.8005464480874317,0.601775956284153,0.40243624772313297,0.20070582877959928,0.0,0.07428633548013851,1411.9687263095893
chronos2-w4-gptaq-g64,monash_tourism_monthly,before,0.009448998178506363,0.816712204007286,0.61316029143898,0.4016393442622951,0.2062841530054645,0.2215391621129326,0.07534122574796598,1432.0191441722254
chronos2-w4-gptaq-g64,monash_tourism_monthly,sorted,0.012522768670309638,0.8201275045537341,0.6169171220400729,0.4064207650273224,0.20662568306010928,0.0,0.07501047556537475,1425.7325382840556
chronos2-w4-gptaq-g64,monash_tourism_monthly,conformal,0.0011953551912568042,0.8004326047358834,0.6016621129326047,0.40095628415300544,0.2017304189435337,0.0,0.07484296212216023,1422.5485914447534
chronos2-w4-gptq,monash_tourism_monthly,before,0.009750683060109268,0.8134107468123861,0.6169171220400729,0.40425774134790526,0.19558287795992715,0.29291894353369763,0.07624247386553541,1449.149268419553
chronos2-w4-gptq,monash_tourism_monthly,sorted,0.01342213114754097,0.8191029143897997,0.6215846994535519,0.4094945355191257,0.1964936247723133,0.0,0.07568683702100969,1438.5882164766226
chronos2-w4-gptq,monash_tourism_monthly,conformal,0.001183970856102022,0.7996357012750456,0.6023451730418944,0.39947632058287796,0.20150273224043716,0.0,0.07557743225720552,1436.5087478367673
chronos2-w4-gptq-g64,monash_tourism_monthly,before,0.00933515482695809,0.8117030965391621,0.6127049180327869,0.4098360655737705,0.20309653916211293,0.2211976320582878,0.07614985729034424,1447.388894767217
chronos2-w4-gptq-g64,monash_tourism_monthly,sorted,0.012209699453551909,0.8168260473588342,0.6160063752276868,0.4138205828779599,0.20218579234972678,0.0,0.07575413387888494,1439.8673354166624
chronos2-w4-gptq-g64,monash_tourism_monthly,conformal,0.0015653460837887212,0.7989526411657559,0.6016621129326047,0.4018670309653916,0.1983151183970856,0.0,0.07563850666828402,1437.6695960313004
chronos2-w4-hqq,monash_tourism_monthly,before,0.01748064663023681,0.769011839708561,0.6004098360655737,0.37067395264116576,0.19080145719489983,0.29428506375227687,0.07517279855326547,1428.8178295557473
chronos2-w4-hqq,monash_tourism_monthly,sorted,0.011526639344262304,0.7869990892531876,0.5994990892531876,0.37852914389799636,0.18886612021857924,0.0,0.0742679906117733,1411.6200433350893
chronos2-w4-hqq,monash_tourism_monthly,conformal,0.0020605646630236854,0.7983834244080146,0.6028005464480874,0.40209471766848814,0.2017304189435337,0.0,0.07400893286200419,1406.6961035739214
chronos2-w4-rtn-sim,monash_tourism_monthly,before,0.1839423952641166,0.566712204007286,0.34005009107468126,0.252959927140255,0.10450819672131148,0.6664389799635702,0.14584641306555282,2772.1191624541684
chronos2-w4-rtn-sim,monash_tourism_monthly,sorted,0.17050887978142076,0.5918715846994536,0.37841530054644806,0.2444216757741348,0.10325591985428051,0.0,0.13760229958061762,2615.422371023557
chronos2-w4-rtn-sim,monash_tourism_monthly,conformal,0.0010758196721311203,0.8005464480874317,0.5996129326047359,0.40038706739526414,0.20298269581056466,0.0,0.13338049899608784,2535.1781328935804
chronos2-w6-rtn-sim,monash_tourism_monthly,before,0.012477231329690343,0.7815346083788707,0.5876593806921676,0.3810336976320583,0.20013661202185792,0.18727231329690347,0.07340288150798192,1395.1768173837197
chronos2-w6-rtn-sim,monash_tourism_monthly,sorted,0.010086520947176693,0.7877959927140255,0.5892531876138434,0.38376593806921677,0.20116120218579234,0.0,0.07292106155443141,1386.0188113826414
chronos2-w6-rtn-sim,monash_tourism_monthly,conformal,0.0024476320582877825,0.7980418943533698,0.6041666666666666,0.4015255009107468,0.19785974499089254,0.0,0.07265220179228352,1380.9085636706998
chronos2-w8-bnb-int8,monash_tourism_monthly,before,0.0069159836065573535,0.811247723132969,0.6074681238615665,0.4088114754098361,0.20013661202185792,0.01980874316939891,0.07285593196918513,1384.7808860370058
chronos2-w8-bnb-int8,monash_tourism_monthly,sorted,0.007018442622950795,0.8113615664845173,0.6079234972677595,0.4086976320582878,0.1999089253187614,0.0,0.07283897827746287,1384.4586453132893
chronos2-w8-bnb-int8,monash_tourism_monthly,conformal,0.0005464480874317126,0.80066029143898,0.6007513661202186,0.399931693989071,0.20070582877959928,0.0,0.07268931752428179,1381.6140265596273
chronos2-w8-gptq,monash_tourism_monthly,before,0.009164389799635679,0.8144353369763205,0.6152094717668488,0.4047131147540984,0.20229963570127504,0.001935336976320583,0.07402439280075669,1406.9899523670822
chronos2-w8-gptq,monash_tourism_monthly,sorted,0.009164389799635679,0.8144353369763205,0.6152094717668488,0.4047131147540984,0.20229963570127504,0.0,0.07402368508273625,1406.9765006911389
chronos2-w8-gptq,monash_tourism_monthly,conformal,0.0010302823315118323,0.8003187613843351,0.60132058287796,0.39959016393442626,0.2020719489981785,0.0,0.07384965776427965,1403.6687438931212
chronos2-w8-hqq,monash_tourism_monthly,before,0.009875910746812377,0.8148907103825137,0.6114526411657559,0.40585154826958103,0.2073087431693989,0.00273224043715847,0.0724994274613664,1378.0047647951249
chronos2-w8-hqq,monash_tourism_monthly,sorted,0.009875910746812391,0.8148907103825137,0.6115664845173042,0.4057377049180328,0.2073087431693989,0.0,0.07249866059115091,1377.9901888067627
chronos2-w8-hqq,monash_tourism_monthly,conformal,0.001229508196721324,0.7992941712204007,0.6008652094717668,0.39959016393442626,0.19706284153005466,0.0,0.07235243662021032,1375.2108933593502
chronos2-w8a16-rtn,monash_tourism_monthly,before,0.0075705828779599055,0.8135245901639344,0.6092896174863388,0.40721766848816027,0.2002504553734062,0.020833333333333332,0.07250392751772976,1378.0902978721115
chronos2-w8a16-rtn,monash_tourism_monthly,sorted,0.007684426229508191,0.8136384335154827,0.6092896174863388,0.40744535519125685,0.20036429872495445,0.0,0.07248533482801192,1377.736904529313
chronos2-w8a16-rtn,monash_tourism_monthly,conformal,0.0009790528233151394,0.799863387978142,0.6016621129326047,0.4017531876138434,0.20036429872495445,0.0,0.07234107978697116,1374.9950327537629
chronos2-w8a16-rtn-pt,monash_tourism_monthly,before,0.004889571948998174,0.8027094717668488,0.6042805100182149,0.388091985428051,0.19933970856102004,0.09027777777777778,0.0724767009188598,1377.5727988478336
chronos2-w8a16-rtn-pt,monash_tourism_monthly,sorted,0.005344945355191248,0.8046448087431693,0.6054189435336976,0.39014116575591984,0.19854280510018216,0.0,0.0723178110786595,1374.55276180009
chronos2-w8a16-rtn-pt,monash_tourism_monthly,conformal,0.0007570582877959725,0.8000910746812386,0.6014344262295082,0.40015938069216755,0.19865664845173042,0.0,0.07215859972837523,1371.5266137740507
chronos2-w8a16-torchao,monash_tourism_monthly,before,0.006659836065573778,0.8130692167577414,0.6067850637522769,0.4060792349726776,0.20070582877959928,0.020491803278688523,0.07251274271571026,1378.2578493307246
chronos2-w8a16-torchao,monash_tourism_monthly,sorted,0.006773679417122029,0.8131830601092896,0.6070127504553734,0.40619307832422585,0.20070582877959928,0.0,0.07249353500258474,1377.8927661689036
chronos2-w8a16-torchao,monash_tourism_monthly,conformal,0.0008709016393442653,0.8000910746812386,0.6023451730418944,0.4008424408014572,0.19979508196721313,0.0,0.0723411330784634,1374.9960456711444
chronos2-w8a8-torchao-dyn,monash_tourism_monthly,before,0.006005236794171205,0.8113615664845173,0.6053051001821493,0.40664845173041897,0.20070582877959928,0.020947176684881604,0.0731140874723034,1389.6876766946916
chronos2-w8a8-torchao-dyn,monash_tourism_monthly,sorted,0.006119080145719484,0.8113615664845173,0.6056466302367942,0.4067622950819672,0.20070582877959928,0.0,0.07309501850735568,1389.3252307350783
chronos2-w8a8-torchao-dyn,monash_tourism_monthly,conformal,0.0008822859744991168,0.7999772313296903,0.6023451730418944,0.40038706739526414,0.19922586520947178,0.0,0.07294051080318519,1386.3884854392904
chronos2-fp32,monash_tourism_quarterly,before,0.006586651053864176,0.7909836065573771,0.5957259953161592,0.3931498829039813,0.19379391100702575,0.0,0.06487474109971894,6198.32732892091
chronos2-fp32,monash_tourism_quarterly,sorted,0.006586651053864176,0.7909836065573771,0.5957259953161592,0.3931498829039813,0.19379391100702575,0.0,0.06487474109971894,6198.32732892091
chronos2-fp32,monash_tourism_quarterly,conformal,0.0050936768149882836,0.7962529274004684,0.6083138173302107,0.4077868852459016,0.20052693208430913,0.0,0.064836367326644,6194.660983555485
chronos2-w2-rtn-sim,monash_tourism_quarterly,before,0.4751902810304449,0.04625292740046839,0.02810304449648712,0.01727166276346604,0.007611241217798595,0.4991217798594848,0.48579554212849213,46414.36303251819
chronos2-w2-rtn-sim,monash_tourism_quarterly,sorted,0.4746779859484777,0.046545667447306795,0.02810304449648712,0.018149882903981264,0.008489461358313818,0.0,0.48562091871470986,46397.6789878566
chronos2-w2-rtn-sim,monash_tourism_quarterly,conformal,0.002078454332552694,0.8000585480093677,0.607728337236534,0.40046838407494145,0.19994145199063232,0.0,0.46239736580329777,44178.83109350917
chronos2-w3-awq-rtn,monash_tourism_quarterly,before,0.1719115925058548,0.509367681498829,0.5313231850117096,0.21633489461358313,0.055327868852459015,0.890807962529274,0.10489343460816748,10021.833325805746
chronos2-w3-awq-rtn,monash_tourism_quarterly,sorted,0.1401492974238876,0.6372950819672131,0.48272833723653397,0.23272833723653397,0.08665105386416862,0.0,0.0997852575178867,9533.782766790997
chronos2-w3-awq-rtn,monash_tourism_quarterly,conformal,0.0019467213114753995,0.7980093676814989,0.6018735362997658,0.40134660421545665,0.202576112412178,0.0,0.09910597149909117,9468.881743325139
chronos2-w3-gptaq,monash_tourism_quarterly,before,0.024824355971896958,0.7836651053864169,0.5579625292740047,0.4238875878220141,0.1829625292740047,0.5283957845433255,0.06467095457662078,6178.856953332923
chronos2-w3-gptaq,monash_tourism_quarterly,sorted,0.016905737704918024,0.8202576112412178,0.6173887587822015,0.4265222482435597,0.2034543325526932,0.0,0.06273944626824268,5994.31485681102
chronos2-w3-gptaq,monash_tourism_quarterly,conformal,0.005196135831381697,0.805327868852459,0.6024590163934426,0.4060304449648712,0.2069672131147541,0.0,0.06273012499099605,5993.424274027661
chronos2-w3-gptq,monash_tourism_quarterly,before,0.03499707259953162,0.8542154566744731,0.6703747072599532,0.39197892271662765,0.19262295081967212,0.4847775175644028,0.069200981476539,6611.6693092442965
chronos2-w3-gptq,monash_tourism_quarterly,sorted,0.05049765807962531,0.8673887587822015,0.686768149882904,0.44291569086651056,0.20491803278688525,0.0,0.06686019608163157,6388.023652422455
chronos2-w3-gptq,monash_tourism_quarterly,conformal,0.01283665105386416,0.8202576112412178,0.6244145199063232,0.40193208430913346,0.1952576112412178,0.0,0.0668482211862868,6386.879535007601
chronos2-w3-hqq,monash_tourism_quarterly,before,0.08965163934426229,0.7227751756440282,0.4338407494145199,0.2912763466042155,0.19350117096018735,0.7377049180327869,0.07408411013004874,7078.218065672668
chronos2-w3-hqq,monash_tourism_quarterly,sorted,0.06045081967213116,0.7669789227166276,0.5105386416861827,0.3185011709601874,0.16217798594847777,0.0,0.06929466478626489,6620.62009361884
chronos2-w3-hqq,monash_tourism_quarterly,conformal,0.0021809133489461216,0.8018149882903981,0.6039227166276346,0.398711943793911,0.20169789227166277,0.0,0.06916628308269533,6608.3541206333675
chronos2-w3-rtn-sim,monash_tourism_quarterly,before,0.2621487119437939,0.35772833723653397,0.40105386416861827,0.15661592505854802,0.03600702576112412,0.9271077283372365,0.15039900456487218,14369.571954114306
chronos2-w3-rtn-sim,monash_tourism_quarterly,sorted,0.24348653395784545,0.4718969555035129,0.33840749414519905,0.16276346604215455,0.05298594847775176,0.0,0.14563912773926735,13914.799046965523
chronos2-w3-rtn-sim,monash_tourism_quarterly,conformal,0.002663934426229496,0.8018149882903981,0.6045081967213115,0.40076112412177983,0.19642857142857142,0.0,0.14391383777692124,13749.959669687934
chronos2-w4-awq-rtn,monash_tourism_quarterly,before,0.2254830210772834,0.48360655737704916,0.30357142857142855,0.22950819672131148,0.08138173302107728,0.6814988290398126,0.15762621046914185,15060.080881145192
chronos2-w4-awq-rtn,monash_tourism_quarterly,sorted,0.2098214285714286,0.517271662763466,0.34133489461358313,0.21984777517564402,0.0822599531615925,0.0,0.15279046058920184,14598.0588348362
chronos2-w4-awq-rtn,monash_tourism_quarterly,conformal,0.0016686182669789426,0.7977166276346604,0.6033372365339579,0.39900468384074944,0.19994145199063232,0.0,0.15005297304023565,14336.511064475828
chronos2-w4-bnb-nf4,monash_tourism_quarterly,before,0.02576112412177988,0.7795667447306791,0.5860655737704918,0.359192037470726,0.1721311475409836,0.33021077283372363,0.08125021429044799,7762.889148845419
chronos2-w4-bnb-nf4,monash_tourism_quarterly,sorted,0.0160275175644028,0.7909836065573771,0.5930913348946136,0.37265807962529274,0.1791569086651054,0.0,0.08068402592870767,7708.793814723044
chronos2-w4-bnb-nf4,monash_tourism_quarterly,conformal,0.0034543325526931734,0.8032786885245902,0.5989461358313818,0.4028103044496487,0.2066744730679157,0.0,0.08061313915742144,7702.02107999957
chronos2-w4-gptaq-g64,monash_tourism_quarterly,before,0.009836065573770522,0.7854215456674473,0.6053864168618267,0.38085480093676816,0.20023419203747073,0.3325526932084309,0.0636177274209185,6078.228472169253
chronos2-w4-gptaq-g64,monash_tourism_quarterly,sorted,0.008548009367681485,0.8064988290398126,0.6129976580796253,0.3911007025761124,0.20579625292740047,0.0,0.06275669960976837,5995.96329280446
chronos2-w4-gptaq-g64,monash_tourism_quarterly,conformal,0.0042447306791569064,0.802400468384075,0.6053864168618267,0.4069086651053864,0.20228337236533958,0.0,0.06272200457319183,5992.648424956899
chronos2-w4-gptq,monash_tourism_quarterly,before,0.01181206088992974,0.811768149882904,0.5857728337236534,0.3940281030444965,0.18471896955503514,0.35860655737704916,0.06485606515714032,6196.542973356386
chronos2-w4-gptq,monash_tourism_quarterly,sorted,0.011665690866510522,0.8228922716627635,0.6179742388758782,0.40544496487119436,0.1996487119437939,0.0,0.06371415997583098,6087.441927674113
chronos2-w4-gptq,monash_tourism_quarterly,conformal,0.005635245901639316,0.8026932084309133,0.6088992974238876,0.40837236533957844,0.202576112412178,0.0,0.0637012375441356,6086.2072797945875
chronos2-w4-gptq-g64,monash_tourism_quarterly,before,0.005518149882903972,0.8079625292740047,0.607728337236534,0.4031030444964871,0.19672131147540983,0.3094262295081967,0.06308195546502156,6027.039212682252
chronos2-w4-gptq-g64,monash_tourism_quarterly,sorted,0.014300351288056186,0.8190866510538641,0.6270491803278688,0.41100702576112413,0.19994145199063232,0.0,0.06249240799184478,5970.712078997495
chronos2-w4-gptq-g64,monash_tourism_quarterly,conformal,0.008416276346604183,0.8038641686182669,0.6153395784543325,0.41100702576112413,0.2034543325526932,0.0,0.06248547306682092,5970.049495462351
chronos2-w4-hqq,monash_tourism_quarterly,before,0.06352459016393441,0.7145784543325527,0.531615925058548,0.33840749414519905,0.16129976580796254,0.34923887587822017,0.06922853593227513,6614.301944583224
chronos2-w4-hqq,monash_tourism_quarterly,sorted,0.05474238875878222,0.7347775175644028,0.5412763466042154,0.3427985948477752,0.16217798594847777,0.0,0.06837274341628287,6532.536961018863
chronos2-w4-hqq,monash_tourism_quarterly,conformal,0.003498243559718957,0.8044496487119438,0.6024590163934426,0.3940281030444965,0.20111241217798595,0.0,0.06816103323929384,6512.309535774501
chronos2-w4-rtn-sim,monash_tourism_quarterly,before,0.2384367681498829,0.46252927400468385,0.2898126463700234,0.2186768149882904,0.07523419203747073,0.6993559718969555,0.1621533073025033,15492.613289710243
chronos2-w4-rtn-sim,monash_tourism_quarterly,sorted,0.22218969555035128,0.49765807962529274,0.32640515222482436,0.21135831381733022,0.07581967213114754,0.0,0.1568605184850979,14986.924372621479
chronos2-w4-rtn-sim,monash_tourism_quarterly,conformal,0.0018735362997658322,0.7971311475409836,0.5980679156908665,0.3981264637002342,0.20081967213114754,0.0,0.1539699208440583,14710.748004875672
chronos2-w6-rtn-sim,monash_tourism_quarterly,before,0.032201405152224825,0.742096018735363,0.561768149882904,0.3799765807962529,0.1873536299765808,0.19994145199063232,0.07067559105130809,6752.557930483348
chronos2-w6-rtn-sim,monash_tourism_quarterly,sorted,0.029493559718969574,0.747072599531616,0.5644028103044496,0.38231850117096017,0.188231850117096,0.0,0.07047233790011266,6733.138514846568
chronos2-w6-rtn-sim,monash_tourism_quarterly,conformal,0.002459016393442627,0.7988875878220141,0.6033372365339579,0.40193208430913346,0.2034543325526932,0.0,0.07035238077652671,6721.677451498684
chronos2-w8-bnb-int8,monash_tourism_quarterly,before,0.013100117096018736,0.7871779859484778,0.5848946135831382,0.39285714285714285,0.18266978922716628,0.061182669789227165,0.0650933029280691,6219.209381484936
chronos2-w8-bnb-int8,monash_tourism_quarterly,sorted,0.01288056206088993,0.7874707259953162,0.585480093676815,0.39256440281030447,0.1829625292740047,0.0,0.06508351062177291,6218.27379517353
chronos2-w8-bnb-int8,monash_tourism_quarterly,conformal,0.005049765807962535,0.7991803278688525,0.6065573770491803,0.4104215456674473,0.19759953161592506,0.0,0.06504285385930061,6214.389326154221
chronos2-w8-gptq,monash_tourism_quarterly,before,0.003937353629976582,0.8018149882903981,0.6103629976580797,0.3975409836065574,0.20111241217798595,0.00585480093676815,0.06241510134100671,5963.325969727934
chronos2-w8-gptq,monash_tourism_quarterly,sorted,0.003937353629976582,0.8018149882903981,0.6103629976580797,0.3975409836065574,0.20111241217798595,0.0,0.062414266239601716,5963.24618163517
chronos2-w8-gptq,monash_tourism_quarterly,conformal,0.004683840749414546,0.7971311475409836,0.6042154566744731,0.40749414519906324,0.1958430913348946,0.0,0.06237761225135055,5959.744149669569
chronos2-w8-hqq,monash_tourism_quarterly,before,0.0057084309133489525,0.7930327868852459,0.5963114754098361,0.39285714285714285,0.19496487119437939,0.004098360655737705,0.0654674247824786,6254.954105474947
chronos2-w8-hqq,monash_tourism_quarterly,sorted,0.0057084309133489525,0.7930327868852459,0.5963114754098361,0.39285714285714285,0.19496487119437939,0.0,0.06546714237932541,6254.927123830742
chronos2-w8-hqq,monash_tourism_quarterly,conformal,0.004464285714285698,0.7968384074941453,0.6071428571428571,0.406615925058548,0.1990632318501171,0.0,0.0654283464691428,6251.220446220029
chronos2-w8a16-rtn,monash_tourism_quarterly,before,0.009001756440281034,0.7903981264637002,0.5907494145199064,0.3975409836065574,0.18530444964871196,0.06352459016393443,0.06553688680581429,6261.590715506299
chronos2-w8a16-rtn,monash_tourism_quarterly,sorted,0.00863583138173301,0.7906908665105387,0.5907494145199064,0.3978337236533958,0.18618266978922718,0.0,0.06552585897903779,6260.537083862785
chronos2-w8a16-rtn,monash_tourism_quarterly,conformal,0.005415690866510545,0.7988875878220141,0.6088992974238876,0.4101288056206089,0.19847775175644028,0.0,0.06548938674529374,6257.052417267892
chronos2-w8a16-rtn-pt,monash_tourism_quarterly,before,0.014856557377049183,0.7930327868852459,0.5889929742388759,0.37236533957845436,0.18618266978922718,0.15456674473067916,0.06330828662227153,6048.663570230167
chronos2-w8a16-rtn-pt,monash_tourism_quarterly,sorted,0.01361241217798595,0.794496487119438,0.5904566744730679,0.3758782201405152,0.18471896955503514,0.0,0.06323430050653639,6041.594714842878
chronos2-w8a16-rtn-pt,monash_tourism_quarterly,conformal,0.0039519906323185056,0.7977166276346604,0.602751756440281,0.40807962529274006,0.19730679156908665,0.0,0.06317287482393144,6035.725920906533
chronos2-w8a16-torchao,monash_tourism_quarterly,before,0.008782201405152248,0.789519906323185,0.5887002341920374,0.3951990632318501,0.1914519906323185,0.06879391100702575,0.0654702807670295,6255.226974804253
chronos2-w8a16-torchao,monash_tourism_quarterly,sorted,0.0079771662763466,0.7898126463700235,0.5892857142857143,0.3966627634660422,0.19233021077283372,0.0,0.0654528777289168,6253.564236349939
chronos2-w8a16-torchao,monash_tourism_quarterly,conformal,0.0054888758782201605,0.7985948477751756,0.6080210772833724,0.40837236533957844,0.1958430913348946,0.0,0.06541101084402684,6249.564148605599
chronos2-w8a8-torchao-dyn,monash_tourism_quarterly,before,0.012514637002341941,0.7857142857142857,0.5875292740046838,0.39256440281030447,0.18413348946135832,0.06967213114754098,0.06573939224388313,6280.938692388515
chronos2-w8a8-torchao-dyn,monash_tourism_quarterly,sorted,0.011929156908665119,0.7857142857142857,0.5881147540983607,0.39344262295081966,0.18501170960187355,0.0,0.06572344200550868,6279.414758778252
chronos2-w8a8-torchao-dyn,monash_tourism_quarterly,conformal,0.004347189695550341,0.8009367681498829,0.6062646370023419,0.40866510538641687,0.19847775175644028,0.0,0.06567822064756179,6275.094174617732
chronos2-fp32,monash_tourism_yearly,before,0.09857625482625483,0.6713320463320464,0.47586872586872586,0.3093629343629344,0.14913127413127414,0.0,0.15152612646732,72043.21059636344
chronos2-fp32,monash_tourism_yearly,sorted,0.09857625482625483,0.6713320463320464,0.47586872586872586,0.3093629343629344,0.14913127413127414,0.0,0.15152612646732,72043.21059636344
chronos2-fp32,monash_tourism_yearly,conformal,0.00477799227799227,0.8045366795366795,0.61003861003861,0.3972007722007722,0.20173745173745175,0.0,0.1511767725499098,71877.11001403202
chronos2-w2-rtn-sim,monash_tourism_yearly,before,0.4908301158301158,0.01833976833976834,0.0111003861003861,0.004343629343629344,0.0028957528957528956,0.5043436293436293,0.4004713961434057,190404.4259746948
chronos2-w2-rtn-sim,monash_tourism_yearly,sorted,0.4908301158301159,0.019305019305019305,0.010135135135135136,0.005308880308880309,0.0019305019305019305,0.0,0.40038171828165475,190361.7885679942
chronos2-w2-rtn-sim,monash_tourism_yearly,conformal,0.006129343629343649,0.7895752895752896,0.609073359073359,0.39864864864864863,0.20366795366795368,0.0,0.3850566299311352,183075.46380549544
chronos2-w3-awq-rtn,monash_tourism_yearly,before,0.17097007722007723,0.5236486486486487,0.5246138996138996,0.2109073359073359,0.05694980694980695,0.8175675675675675,0.16700314176533693,79401.76914011828
chronos2-w3-awq-rtn,monash_tourism_yearly,sorted,0.16192084942084944,0.5989382239382239,0.4657335907335907,0.21476833976833976,0.07287644787644787,0.0,0.16548167551757956,78678.38687028852
chronos2-w3-awq-rtn,monash_tourism_yearly,conformal,0.002002895752895764,0.7968146718146718,0.5994208494208494,0.40202702702702703,0.20222007722007723,0.0,0.16467692053878785,78295.76551140315
chronos2-w3-gptaq,monash_tourism_yearly,before,0.0474179536679537,0.7557915057915058,0.527027027027027,0.35086872586872586,0.17664092664092665,0.08397683397683398,0.15580268313891305,74076.50267675797
chronos2-w3-gptaq,monash_tourism_yearly,sorted,0.04717664092664094,0.7557915057915058,0.5284749034749034,0.34942084942084944,0.1776061776061776,0.0,0.15576158453019373,74056.9623123851
chronos2-w3-gptaq,monash_tourism_yearly,conformal,0.006636100386100373,0.8108108108108109,0.609073359073359,0.40106177606177607,0.2055984555984556,0.0,0.15531498473802174,73844.62610588489
chronos2-w3-gptq,monash_tourism_yearly,before,0.019425675675675692,0.7678571428571429,0.5641891891891891,0.3918918918918919,0.19835907335907335,0.056467181467181465,0.156926517580896,74610.830605986
chronos2-w3-gptq,monash_tourism_yearly,sorted,0.019425675675675685,0.7678571428571429,0.5641891891891891,0.3923745173745174,0.19787644787644787,0.0,0.15691880719794526,74607.16469862305
chronos2-w3-gptq,monash_tourism_yearly,conformal,0.006491312741312746,0.8074324324324325,0.6138996138996139,0.4034749034749035,0.19884169884169883,0.0,0.15662698503480685,74468.41763205557
chronos2-w3-hqq,monash_tourism_yearly,before,0.18991312741312744,0.5357142857142857,0.3590733590733591,0.24083011583011582,0.10472972972972973,0.5178571428571429,0.19037674104591532,90514.76446722375
chronos2-w3-hqq,monash_tourism_yearly,sorted,0.18701737451737455,0.5357142857142857,0.37113899613899615,0.2413127413127413,0.10376447876447877,0.0,0.18960195854907202,90146.3935473844
chronos2-w3-hqq,monash_tourism_yearly,conformal,0.004681467181467183,0.8035714285714286,0.6066602316602316,0.40733590733590735,0.19884169884169883,0.0,0.18790442297279228,89339.2989831139
chronos2-w3-rtn-sim,monash_tourism_yearly,before,0.2454150579150579,0.4107142857142857,0.4000965250965251,0.1640926640926641,0.04343629343629344,0.7688223938223938,0.18789076471285893,89332.80515317382
chronos2-w3-rtn-sim,monash_tourism_yearly,sorted,0.2405888030888031,0.47297297297297297,0.3518339768339768,0.15588803088803088,0.05694980694980695,0.0,0.18679872484620136,88813.59397865598
chronos2-w3-rtn-sim,monash_tourism_yearly,conformal,0.002075289575289581,0.7992277992277992,0.6052123552123552,0.40202702702702703,0.20028957528957528,0.0,0.18487590359365041,87899.38717045535
chronos2-w4-awq-rtn,monash_tourism_yearly,before,0.2368484555984556,0.5463320463320464,0.2562741312741313,0.17326254826254825,0.07673745173745174,0.33687258687258687,0.2028807482172852,96459.80406499717
chronos2-w4-awq-rtn,monash_tourism_yearly,sorted,0.23588320463320467,0.5468146718146718,0.2606177606177606,0.17133204633204632,0.0777027027027027,0.0,0.20244164354891014,96251.03142073366
chronos2-w4-awq-rtn,monash_tourism_yearly,conformal,0.003330115830115832,0.8045366795366795,0.6056949806949807,0.39913127413127414,0.20222007722007723,0.0,0.19987499772837622,95030.71773829499
chronos2-w4-bnb-nf4,monash_tourism_yearly,before,0.13199806949806953,0.6235521235521235,0.4657335907335907,0.2697876447876448,0.11293436293436293,0.11631274131274132,0.1525598770951654,72534.70810852386
chronos2-w4-bnb-nf4,monash_tourism_yearly,sorted,0.1299469111969112,0.6235521235521235,0.4657335907335907,0.2722007722007722,0.11872586872586872,0.0,0.15240717424141537,72462.10542205742
chronos2-w4-bnb-nf4,monash_tourism_yearly,conformal,0.004922779922779917,0.8093629343629344,0.6047297297297297,0.4049227799227799,0.19932432432432431,0.0,0.1517624748482388,72155.58261152425
chronos2-w4-gptaq-g64,monash_tourism_yearly,before,0.08880308880308882,0.678088803088803,0.49613899613899615,0.31805019305019305,0.1525096525096525,0.028474903474903474,0.16074037618774628,76424.1325440998
chronos2-w4-gptaq-g64,monash_tourism_yearly,sorted,0.08819980694980697,0.678088803088803,0.49613899613899615,0.3185328185328185,0.15444015444015444,0.0,0.1607201665581415,76414.52386053058
chronos2-w4-gptaq-g64,monash_tourism_yearly,conformal,0.005067567567567523,0.8083976833976834,0.611003861003861,0.40057915057915056,0.20028957528957528,0.0,0.16029260325706887,76211.2385680164
chronos2-w4-gptq,monash_tourism_yearly,before,0.09169884169884172,0.680019305019305,0.49034749034749037,0.3127413127413127,0.1500965250965251,0.021235521235521235,0.1584763927934568,75347.7199394613
chronos2-w4-gptq,monash_tourism_yearly,sorted,0.09169884169884172,0.680019305019305,0.49034749034749037,0.3127413127413127,0.1500965250965251,0.0,0.15845816171051472,75339.05195738841
chronos2-w4-gptq,monash_tourism_yearly,conformal,0.006853281853281823,0.8079150579150579,0.611003861003861,0.40057915057915056,0.1920849420849421,0.0,0.15801753604007474,75129.55615155112
chronos2-w4-gptq-g64,monash_tourism_yearly,before,0.07106660231660233,0.6998069498069498,0.5091698841698842,0.3359073359073359,0.17084942084942084,0.009652509652509652,0.15693867753893556,74616.61206716573
chronos2-w4-gptq-g64,monash_tourism_yearly,sorted,0.07106660231660233,0.6998069498069498,0.5091698841698842,0.3359073359073359,0.17084942084942084,0.0,0.15693478235262262,74614.7600979087
chronos2-w4-gptq-g64,monash_tourism_yearly,conformal,0.00649131274131276,0.806949806949807,0.6167953667953668,0.40106177606177607,0.19884169884169883,0.0,0.15658148287094373,74446.78359408335
chronos2-w4-hqq,monash_tourism_yearly,before,0.1317567567567568,0.6071428571428571,0.46187258687258687,0.2765444015444015,0.1274131274131274,0.14044401544401544,0.149101029783365,70890.1965571879
chronos2-w4-hqq,monash_tourism_yearly,sorted,0.13091216216216217,0.612934362934363,0.45704633204633205,0.27702702702702703,0.12934362934362933,0.0,0.14877725461816393,70736.25741179909
chronos2-w4-hqq,monash_tourism_yearly,conformal,0.005622586872586877,0.8074324324324325,0.6085907335907336,0.39768339768339767,0.20415057915057916,0.0,0.14818799001196178,70456.09111235396
chronos2-w4-rtn-sim,monash_tourism_yearly,before,0.2516891891891892,0.5178571428571429,0.24276061776061775,0.16795366795366795,0.06467181467181467,0.4840733590733591,0.19381018993476115,92147.20031929655
chronos2-w4-rtn-sim,monash_tourism_yearly,sorted,0.24831081081081086,0.5183397683397684,0.2528957528957529,0.16843629343629343,0.06708494208494209,0.0,0.19262038484658126,91581.50659680272
chronos2-w4-rtn-sim,monash_tourism_yearly,conformal,0.003499034749034742,0.8055019305019305,0.6061776061776062,0.40202702702702703,0.20028957528957528,0.0,0.18997628929605417,90324.3693820887
chronos2-w6-rtn-sim,monash_tourism_yearly,before,0.1338079150579151,0.609073359073359,0.43677606177606176,0.28040540540540543,0.13851351351351351,0.0472972972972973,0.1508475767871954,71720.59364148567
chronos2-w6-rtn-sim,monash_tourism_yearly,sorted,0.13368725868725873,0.609073359073359,0.4377413127413127,0.28040540540540543,0.13803088803088803,0.0,0.15080876120102157,71702.13874189617
chronos2-w6-rtn-sim,monash_tourism_yearly,conformal,0.004874517374517377,0.8035714285714286,0.6066602316602316,0.3952702702702703,0.19546332046332046,0.0,0.15021379399003598,71419.26113472518
chronos2-w8-bnb-int8,monash_tourism_yearly,before,0.10098938223938224,0.6694015444015444,0.47104247104247104,0.30743243243243246,0.14816602316602318,0.003861003861003861,0.1521171630561402,72324.21938627478
chronos2-w8-bnb-int8,monash_tourism_yearly,sorted,0.10098938223938224,0.6694015444015444,0.47104247104247104,0.30743243243243246,0.14816602316602318,0.0,0.15211401268041436,72322.72153777057
chronos2-w8-bnb-int8,monash_tourism_yearly,conformal,0.0032577220077219873,0.8040540540540541,0.6081081081081081,0.40057915057915056,0.20028957528957528,0.0,0.15178159303436012,72164.67236746979
chronos2-w8-gptq,monash_tourism_yearly,before,0.10219594594594596,0.667953667953668,0.4700772200772201,0.30743243243243246,0.14575289575289574,0.0,0.15465330854163198,73530.03166151766
chronos2-w8-gptq,monash_tourism_yearly,sorted,0.10219594594594596,0.667953667953668,0.4700772200772201,0.30743243243243246,0.14575289575289574,0.0,0.15465330854163198,73530.03166151766
chronos2-w8-gptq,monash_tourism_yearly,conformal,0.004946911196911201,0.806949806949807,0.6076254826254827,0.40395752895752896,0.20125482625482624,0.0,0.1540754629511673,73255.29454167842
chronos2-w8-hqq,monash_tourism_yearly,before,0.10014478764478764,0.6727799227799228,0.47442084942084944,0.30405405405405406,0.14816602316602318,0.0,0.15180067961029187,72173.74709432693
chronos2-w8-hqq,monash_tourism_yearly,sorted,0.10014478764478764,0.6727799227799228,0.47442084942084944,0.30405405405405406,0.14816602316602318,0.0,0.15180067961029187,72173.74709432693
chronos2-w8-hqq,monash_tourism_yearly,conformal,0.005622586872586877,0.8045366795366795,0.612934362934363,0.3981660231660232,0.2031853281853282,0.0,0.15145254438830952,72008.22594165169
chronos2-w8a16-rtn,monash_tourism_yearly,before,0.09930019305019305,0.6727799227799228,0.4734555984555985,0.3108108108108108,0.14575289575289574,0.004826254826254826,0.15175508529858128,72152.06924459143
chronos2-w8a16-rtn,monash_tourism_yearly,sorted,0.09930019305019305,0.6727799227799228,0.4734555984555985,0.3108108108108108,0.14575289575289574,0.0,0.1517508031157638,72150.03327755576
chronos2-w8a16-rtn,monash_tourism_yearly,conformal,0.003692084942084929,0.8045366795366795,0.6081081081081081,0.3981660231660232,0.20028957528957528,0.0,0.15140875858055317,71987.40794647907
chronos2-w8a16-rtn-pt,monash_tourism_yearly,before,0.10304054054054056,0.6698841698841699,0.4657335907335907,0.2953667953667954,0.15685328185328185,0.01833976833976834,0.149854600376764,71248.48226160849
chronos2-w8a16-rtn-pt,monash_tourism_yearly,sorted,0.10304054054054056,0.6698841698841699,0.4657335907335907,0.2953667953667954,0.15685328185328185,0.0,0.14983795819633083,71240.56972442642
chronos2-w8a16-rtn-pt,monash_tourism_yearly,conformal,0.005767374517374503,0.805984555984556,0.6105212355212355,0.402992277992278,0.19642857142857142,0.0,0.14942534461085755,71044.39228541833
chronos2-w8a16-torchao,monash_tourism_yearly,before,0.09990347490347493,0.6698841698841699,0.4715250965250965,0.3083976833976834,0.15057915057915058,0.008204633204633204,0.15161676842433838,72086.30638288283
chronos2-w8a16-torchao,monash_tourism_yearly,sorted,0.09990347490347493,0.6698841698841699,0.4715250965250965,0.3083976833976834,0.15057915057915058,0.0,0.15160677440368506,72081.55471825958
chronos2-w8a16-torchao,monash_tourism_yearly,conformal,0.0046573359073358925,0.8040540540540541,0.6071428571428571,0.3972007722007722,0.20463320463320464,0.0,0.15125752973421816,71915.50607794482
chronos2-w8a8-torchao-dyn,monash_tourism_yearly,before,0.10062741312741312,0.666988416988417,0.47297297297297297,0.3064671814671815,0.15106177606177607,0.008204633204633204,0.15232000919442956,72420.66273502355
chronos2-w8a8-torchao-dyn,monash_tourism_yearly,sorted,0.10062741312741312,0.666988416988417,0.47297297297297297,0.3064671814671815,0.15106177606177607,0.0,0.1523095363957482,72415.68343502741
chronos2-w8a8-torchao-dyn,monash_tourism_yearly,conformal,0.0032577220077219665,0.803088803088803,0.6071428571428571,0.40057915057915056,0.20222007722007723,0.0,0.1520172005548775,72276.69213999648
chronos2-fp32,monash_traffic,before,0.17627368522815162,0.576952822892498,0.3799303944315545,0.22931167826759474,0.10871036349574632,0.0457753286929621,0.24151442721505723,0.010813336853700619
chronos2-fp32,monash_traffic,sorted,0.17622534802784226,0.576952822892498,0.3799787316318639,0.22950502706883216,0.10866202629543696,0.0,0.24151006409272688,0.010813141503418503
chronos2-fp32,monash_traffic,conformal,0.0008217324052590819,0.8000290023201856,0.5988979118329466,0.3994102861562258,0.2015661252900232,0.0,0.23057648107097548,0.010323611674515886
chronos2-w2-rtn-sim,monash_traffic,before,0.4318324632637278,0.12398491879350348,0.088553750966744,0.03900812064965197,0.021123356535189482,0.5416666666666666,0.570237971567765,0.0255312916269077
chronos2-w2-rtn-sim,monash_traffic,sorted,0.4278808971384377,0.12877030162412992,0.08691028615622583,0.04973897911832947,0.023056844547563807,0.0,0.5687341956250982,0.025463962995620305
chronos2-w2-rtn-sim,monash_traffic,conformal,0.0006767208043310102,0.8009474091260634,0.5995746326372776,0.39892691415313225,0.20026102088167053,0.0,0.4246364120446466,0.019012266127260598
chronos2-w3-awq-rtn,monash_traffic,before,0.22871954756380514,0.48482211910286155,0.31037316318638825,0.20451469450889403,0.08541183294663574,0.9253190255220418,0.29335985450943175,0.013134614618026095
chronos2-w3-awq-rtn,monash_traffic,sorted,0.20168696829079658,0.5898105181747874,0.3284512761020882,0.19262374323279197,0.08236658932714618,0.0,0.28380554772255817,0.012706839189115315
chronos2-w3-awq-rtn,monash_traffic,conformal,0.0023878576952822417,0.8028808971384377,0.5953692962103635,0.40144044856921884,0.20059938128383603,0.0,0.2743658174428454,0.012284193699569804
chronos2-w3-gptaq,monash_traffic,before,0.16352474864655842,0.5915506573859242,0.4202436194895592,0.22525135344160865,0.1088553750966744,0.660092807424594,0.24081147512568146,0.0107818635466105
chronos2-w3-gptaq,monash_traffic,sorted,0.13999661639597835,0.6461233565351895,0.4116879350348028,0.2616976024748647,0.1205046403712297,0.0,0.23915941939190033,0.010707895977233975
chronos2-w3-gptaq,monash_traffic,conformal,0.000773395204949727,0.8008023975251354,0.6017014694508894,0.4000386697602475,0.20055104408352667,0.0,0.22859345366409173,0.010234825494791476
chronos2-w3-gptq,monash_traffic,before,0.1712828692962104,0.5750676720804331,0.3997486465583913,0.24052590873936583,0.0995262954369683,0.6974574632637278,0.23766478050267034,0.01064097643967155
chronos2-w3-gptq,monash_traffic,sorted,0.15274555297757156,0.6161542923433875,0.4112045630317092,0.2505800464037123,0.11107888631090487,0.0,0.2355880033127446,0.010547992796484254
chronos2-w3-gptq,monash_traffic,conformal,0.0006404679040990027,0.7992072699149265,0.6007830626450116,0.40052204176334105,0.19953596287703015,0.0,0.22774200601486783,0.010196703588988512
chronos2-w3-hqq,monash_traffic,before,0.17904098994586237,0.525522041763341,0.4117846094354215,0.2305201082753287,0.11600928074245939,0.8772235112142305,0.24488855600672485,0.01096440688141198
chronos2-w3-hqq,monash_traffic,sorted,0.11163476411446252,0.6482501933488012,0.46684068058778033,0.29248839907192575,0.1458816705336427,0.0,0.23941016336943777,0.010719122549180067
chronos2-w3-hqq,monash_traffic,conformal,0.0008144818252127095,0.7984822119102861,0.6000580046403712,0.3990719257540603,0.199245939675174,0.0,0.2324602688102055,0.01040795459191447
chronos2-w3-rtn-sim,monash_traffic,before,0.28343725831399846,0.4067092034029389,0.2510634184068059,0.14486658932714616,0.06361175560711524,0.9087877030162413,0.32254134138568713,0.014441158707848982
chronos2-w3-rtn-sim,monash_traffic,sorted,0.2748815738592421,0.443977184841454,0.24535962877030162,0.14593000773395204,0.06520688321732405,0.0,0.3174859679094395,0.01421481423248871
chronos2-w3-rtn-sim,monash_traffic,conformal,0.0004954563031709172,0.798868909512761,0.5995262954369683,0.39999033255993816,0.19963263727764888,0.0,0.29324388099382176,0.01312942213033557
chronos2-w4-awq-rtn,monash_traffic,before,0.22823617556071152,0.5005800464037123,0.33217324052590874,0.18619489559164734,0.06810711523588554,0.8903712296983759,0.26255833939631734,0.011755536927458671
chronos2-w4-awq-rtn,monash_traffic,sorted,0.2110764694508894,0.5191415313225058,0.3476894818252127,0.20548143851508122,0.08338167053364269,0.0,0.2581596483012458,0.011558594123358489
chronos2-w4-awq-rtn,monash_traffic,conformal,0.00048578886310902264,0.800222351121423,0.6003963650425367,0.4009570765661253,0.19963263727764888,0.0,0.24554861551547363,0.010993959756964346
chronos2-w4-bnb-nf4,monash_traffic,before,0.19450889404485694,0.5128093580819799,0.401730471771075,0.21485885537509666,0.09256573859242073,0.7116202629543696,0.24185554871127346,0.010828609902558028
chronos2-w4-bnb-nf4,monash_traffic,sorted,0.14481825212683685,0.6174593967517401,0.43629156999226604,0.24990332559938128,0.11707269914926527,0.0,0.23903360131014453,0.010702262718318551
chronos2-w4-bnb-nf4,monash_traffic,conformal,0.000700889404485705,0.799400618716164,0.5992846094354215,0.39868522815158547,0.1998259860788863,0.0,0.2307917395546338,0.01033324945276895
chronos2-w4-gptaq-g64,monash_traffic,before,0.1981341840680588,0.5185614849187935,0.3649941995359629,0.22268948182521267,0.10121809744779582,0.4930877803557618,0.2408838448380392,0.010785103759159104
chronos2-w4-gptaq-g64,monash_traffic,sorted,0.19315545243619492,0.5428750966744006,0.363254060324826,0.22123936581593195,0.10000966744006187,0.0,0.2404451321400304,0.010765461254815704
chronos2-w4-gptaq-g64,monash_traffic,conformal,0.001157675947409155,0.7998356535189481,0.5976894818252126,0.3997969837587007,0.20195282289249808,0.0,0.22929859431947597,0.01026639679065083
chronos2-w4-gptq,monash_traffic,before,0.16547032095901004,0.5824632637277649,0.3922563805104408,0.24419953596287702,0.11919953596287702,0.5146461716937355,0.24211909832482942,0.010840409821850243
chronos2-w4-gptq,monash_traffic,sorted,0.15718049110595514,0.593677494199536,0.4066125290023202,0.2513051044083527,0.11968290796597061,0.0,0.24172112798468198,0.010822591477019174
chronos2-w4-gptq,monash_traffic,conformal,0.0014331979891724148,0.8005123743232792,0.5981728538283063,0.40086040216550656,0.20253286929621037,0.0,0.22991923842604356,0.010294184918540197
chronos2-w4-gptq-g64,monash_traffic,before,0.19408594354215003,0.5231051817478731,0.35721191028615623,0.2335170146945089,0.10982211910286156,0.46403712296983757,0.24324235219970886,0.010890701320628823
chronos2-w4-gptq-g64,monash_traffic,sorted,0.18687161639597835,0.542391724671307,0.36765274555297756,0.2348704563031709,0.10759860788863108,0.0,0.24275061461111294,0.010868684730355401
chronos2-w4-gptq-g64,monash_traffic,conformal,0.0007588940448569059,0.7999806651198763,0.5977861562258314,0.39999033255993816,0.20079273008507348,0.0,0.23195562527558844,0.010385360163110438
chronos2-w4-hqq,monash_traffic,before,0.22600058004640372,0.4428170920340294,0.420630317092034,0.16323472544470224,0.06931554524361949,0.7905065738592421,0.24536382561489745,0.01098568615002031
chronos2-w4-hqq,monash_traffic,sorted,0.18341550657385924,0.5902455529775715,0.38568252126836816,0.198569218870843,0.09184068058778036,0.0,0.24200441285707278,0.010835275003987075
chronos2-w4-hqq,monash_traffic,conformal,0.0004447022428461095,0.7997389791183295,0.5997196442382057,0.399700309358082,0.20093774168600154,0.0,0.23252075917730877,0.01041066292997706
chronos2-w4-rtn-sim,monash_traffic,before,0.2537219644238206,0.46176527455529776,0.29089327146171695,0.16980858468677495,0.06264501160092807,0.9023105181747874,0.2679345740192254,0.011996247334089018
chronos2-w4-rtn-sim,monash_traffic,sorted,0.23824197602474864,0.47858662026295434,0.311146558391338,0.1827629543696829,0.07453596287703017,0.0,0.26388314683340675,0.011814852593395174
chronos2-w4-rtn-sim,monash_traffic,conformal,0.0004108662026295132,0.8005123743232792,0.6002513534416086,0.40032869296210366,0.20055104408352667,0.0,0.24803048698175287,0.011105080705314853
chronos2-w6-rtn-sim,monash_traffic,before,0.20531225831399846,0.49038089713843774,0.35672853828306267,0.20055104408352667,0.13109048723897912,0.5854601701469451,0.23846624352194523,0.0106768603812776
chronos2-w6-rtn-sim,monash_traffic,sorted,0.17395349961330242,0.5603731631863882,0.3726798143851508,0.24178267594740913,0.12935034802784223,0.0,0.2368335468799092,0.010603759577429886
chronos2-w6-rtn-sim,monash_traffic,conformal,0.0005655452436195002,0.7997389791183295,0.6012180974477959,0.40042536736272233,0.20035769528228925,0.0,0.22788586919630172,0.010203144782003883
chronos2-w8-bnb-int8,monash_traffic,before,0.18642449729311678,0.572892498066512,0.3525232018561485,0.22757153905645786,0.10131477184841454,0.24395784996133024,0.24158912146052552,0.010816681142679937
chronos2-w8-bnb-int8,monash_traffic,sorted,0.18350009667440065,0.5744392884764115,0.356776875483372,0.2283449342614076,0.1064385150812065,0.0,0.2415144488758037,0.010813337823518242
chronos2-w8-bnb-int8,monash_traffic,conformal,0.0009087393658159595,0.799545630317092,0.6006863882443929,0.39834686774941996,0.20084106728538284,0.0,0.23074045805664722,0.01033095342383815
chronos2-w8-gptq,monash_traffic,before,0.17154872389791184,0.5865719257540604,0.387954369682908,0.22887664346481051,0.11040216550657386,0.05505607115235885,0.23960713801390632,0.010727941704237744
chronos2-w8-gptq,monash_traffic,sorted,0.17154872389791181,0.5865719257540604,0.3880027068832173,0.22906999226604796,0.11016047950502707,0.0,0.23960075356813182,0.010727655853145618
chronos2-w8-gptq,monash_traffic,conformal,0.0005341260634184192,0.8004156999226605,0.5997196442382057,0.3997486465583913,0.19881090487238978,0.0,0.2295952249592207,0.010279677848290638
chronos2-w8-hqq,monash_traffic,before,0.17392933101314775,0.583961716937355,0.3815255220417633,0.22399458623356536,0.11480085073472544,0.08299497293116782,0.24123821349079153,0.010800969923581615
chronos2-w8-hqq,monash_traffic,sorted,0.17369972931167826,0.5840100541376644,0.38162219644238204,0.22447795823665892,0.11509087393658159,0.0,0.2412290480305527,0.010800559557997559
chronos2-w8-hqq,monash_traffic,conformal,0.0008579853054911171,0.8004640371229699,0.5988979118329466,0.3996519721577726,0.20151778808971385,0.0,0.23045353643603952,0.010318107068570611
chronos2-w8a16-rtn,monash_traffic,before,0.1845393464810518,0.5754060324825986,0.35247486465583916,0.23042343387470998,0.10353828306264501,0.24796983758700697,0.2417053308050447,0.010821884189149351
chronos2-w8a16-rtn,monash_traffic,sorted,0.18153035576179427,0.5767111368909513,0.35726024748646557,0.23081013147718485,0.10909706109822119,0.0,0.24163225455237006,0.010818612342637783
chronos2-w8a16-rtn,monash_traffic,conformal,0.0008797370456303036,0.7996423047177108,0.599477958236659,0.399700309358082,0.20233952049497292,0.0,0.2307678531761116,0.010332179986815493
chronos2-w8a16-rtn-pt,monash_traffic,before,0.18684744779582366,0.5627416860015468,0.3657675947409126,0.21548723897911834,0.10861368909512761,0.4678074245939675,0.2390129145367147,0.010701336508434975
chronos2-w8a16-rtn-pt,monash_traffic,sorted,0.1769141531322506,0.5813031709203403,0.3779002320185615,0.223946249033256,0.10919373549883991,0.0,0.2384844394428725,0.010677675068104462
chronos2-w8a16-rtn-pt,monash_traffic,conformal,0.000654969064191796,0.8001256767208044,0.5981728538283063,0.39950696055684454,0.1998259860788863,0.0,0.22879232065967806,0.010243729376175105
chronos2-w8a16-torchao,monash_traffic,before,0.1819895591647332,0.5782095901005414,0.3525232018561485,0.23279195668986852,0.10851701469450889,0.23056844547563804,0.24128923034745509,0.010803254103713963
chronos2-w8a16-torchao,monash_traffic,sorted,0.17894431554524362,0.5795630317092034,0.35605181747873166,0.23404872389791184,0.11455916473317865,0.0,0.2412182981131045,0.010800078251436055
chronos2-w8a16-torchao,monash_traffic,conformal,0.0006477184841453681,0.800077339520495,0.5993329466357309,0.4007153905645785,0.20113109048723898,0.0,0.23047081636868347,0.010318880743810818
chronos2-w8a8-torchao-dyn,monash_traffic,before,0.18397138437741686,0.5767111368909513,0.3517014694508894,0.22955336426914152,0.10614849187935035,0.23047177107501934,0.24114100973872402,0.010796617815400459
chronos2-w8a8-torchao-dyn,monash_traffic,sorted,0.1809261407579273,0.5778228924980665,0.35561678267594743,0.23187354988399073,0.11098221191028615,0.0,0.24106894060431674,0.01079339106064263
chronos2-w8a8-torchao-dyn,monash_traffic,conformal,0.0005727958236659003,0.799545630317092,0.5997679814385151,0.400377030162413,0.2012277648878577,0.0,0.23049254776307565,0.010319853724558065
chronos2-fp32,monash_weather,before,0.03636489479512736,0.7618493909191584,0.5542303433001108,0.3605094130675526,0.17795127353266887,0.034374307862679955,0.12532563335116917,1.366805999021841
chronos2-fp32,monash_weather,sorted,0.03633997785160577,0.7618493909191584,0.5542414174972314,0.36054263565891476,0.17800664451827242,0.0,0.12532515015885426,1.3668007293085582
chronos2-fp32,monash_weather,conformal,0.00045957918050940766,0.8004097452934662,0.6002436323366556,0.399390919158361,0.19942414174972314,0.0,0.125041535833191,1.363707620968632
chronos2-w2-rtn-sim,monash_weather,before,0.4575553709856035,0.07132890365448505,0.05459579180509413,0.02767441860465116,0.01617940199335548,0.5666666666666667,0.3824178995282806,4.170663775893131
chronos2-w2-rtn-sim,monash_weather,sorted,0.45618217054263566,0.07439645625692137,0.05244739756367663,0.031472868217054265,0.016954595791805093,0.0,0.38146104055905256,4.160228236535481
chronos2-w2-rtn-sim,monash_weather,conformal,0.00010243632336655317,0.7999335548172758,0.5999114064230343,0.3998671096345515,0.2001218161683278,0.0,0.20379861856068,2.222635282126046
chronos2-w3-awq-rtn,monash_weather,before,0.037657807308970115,0.7556810631229236,0.6544186046511627,0.3906312292358804,0.1574750830564784,0.660454042081949,0.14263236335474314,1.5555538374313522
chronos2-w3-awq-rtn,monash_weather,sorted,0.024191583610188264,0.8183831672203765,0.6258582502768549,0.3841417497231451,0.16333333333333333,0.0,0.14150188928218385,1.543224845326576
chronos2-w3-awq-rtn,monash_weather,conformal,0.008449612403100784,0.806124031007752,0.6117829457364341,0.3940420819490587,0.19006644518272425,0.0,0.13785452935923917,1.5034466029194242
chronos2-w3-gptaq,monash_weather,before,0.0217940199335548,0.8193023255813954,0.5620708748615726,0.371483942414175,0.19857142857142857,0.29358803986710963,0.1278612531282023,1.394459562222086
chronos2-w3-gptaq,monash_weather,sorted,0.019288482834994465,0.838516057585825,0.6245071982281285,0.40893687707641196,0.1948062015503876,0.0,0.1274957612921958,1.390473494721853
chronos2-w3-gptaq,monash_weather,conformal,0.0027796234772978767,0.8053377630121816,0.5977851605758583,0.397796234772979,0.19863787375415282,0.0,0.12739341365576481,1.3893572876082805
chronos2-w3-gptq,monash_weather,before,0.04174141749723143,0.8444518272425249,0.628671096345515,0.4574640088593577,0.23637873754152824,0.2782392026578073,0.12718617024850698,1.3870970833330387
chronos2-w3-gptq,monash_weather,sorted,0.07035714285714285,0.8618161683277963,0.6824584717607973,0.4875968992248062,0.24955703211517166,0.0,0.12691282602728068,1.3841159811324761
chronos2-w3-gptq,monash_weather,conformal,0.006270764119601299,0.8106755260243632,0.6068992248062015,0.4069324473975637,0.20057585825027685,0.0,0.12641123065517723,1.3786455634266936
chronos2-w3-hqq,monash_weather,before,0.00810354374307859,0.8114950166112956,0.6032004429678848,0.4130343300110742,0.2046843853820598,0.3312956810631229,0.1310131046154407,1.428833771277245
chronos2-w3-hqq,monash_weather,sorted,0.012295127353266891,0.8181616832779623,0.6139313399778517,0.4169435215946844,0.20014396456256922,0.0,0.1308049549870399,1.426563683720654
chronos2-w3-hqq,monash_weather,conformal,0.0009274640088593258,0.8013289036544851,0.5993466223698782,0.40108527131782945,0.1993576965669989,0.0,0.129324873655201,1.4104218618977467
chronos2-w3-rtn-sim,monash_weather,before,0.16863510520487265,0.565514950166113,0.4582392026578073,0.22124031007751938,0.08046511627906977,0.5188261351052049,0.17405504915438458,1.8982508125663888
chronos2-w3-rtn-sim,monash_weather,sorted,0.16769656699889257,0.5919490586932448,0.4335548172757475,0.22172757475083057,0.08198228128460687,0.0,0.17361482044514087,1.8934496619585965
chronos2-w3-rtn-sim,monash_weather,conformal,0.000467884828349939,0.8008859357696567,0.5994795127353267,0.3997674418604651,0.1997674418604651,0.0,0.14387686722039142,1.5691264426828868
chronos2-w4-awq-rtn,monash_weather,before,0.11124031007751939,0.6787043189368771,0.48120708748615726,0.2731450719822813,0.12198228128460686,0.42077519379844963,0.14784906063853714,1.6124473312195815
chronos2-w4-awq-rtn,monash_weather,sorted,0.09979235880398674,0.7084717607973422,0.4937873754152824,0.28399778516057583,0.11457364341085272,0.0,0.1473090374246895,1.6065578180484823
chronos2-w4-awq-rtn,monash_weather,conformal,0.0025830564784053364,0.804296788482835,0.6004097452934662,0.39745293466223697,0.19692137320044298,0.0,0.13685378845637788,1.4925324855683102
chronos2-w4-bnb-nf4,monash_weather,before,0.0469407530454042,0.7364673311184939,0.6372535991140642,0.4647840531561462,0.22219269102990033,0.31654485049833886,0.12658108416107702,1.380497992052913
chronos2-w4-bnb-nf4,monash_weather,sorted,0.040459579180509395,0.8255813953488372,0.6606755260243632,0.4520044296788483,0.22357696566998891,0.0,0.1263007718892076,1.3774408960339601
chronos2-w4-bnb-nf4,monash_weather,conformal,0.007563676633444066,0.8073421926910299,0.6139202657807309,0.4015725359911406,0.19258028792912513,0.0,0.1259119695384689,1.3732006031967048
chronos2-w4-gptaq-g64,monash_weather,before,0.01862126245847178,0.7636212624584717,0.5674750830564784,0.3973532668881506,0.1970653377630122,0.2555481727574751,0.1259246470970634,1.3733388651202758
chronos2-w4-gptaq-g64,monash_weather,sorted,0.0071207087486157075,0.8033887043189368,0.6099003322259137,0.40960132890365447,0.20559246954595792,0.0,0.12574462259196356,1.3713755112000774
chronos2-w4-gptaq-g64,monash_weather,conformal,0.001705426356589157,0.8033997785160576,0.6010077519379845,0.3988482834994463,0.1987375415282392,0.0,0.12555214275513768,1.3692763189707655
chronos2-w4-gptq,monash_weather,before,0.009903100775193796,0.7828792912513842,0.5877630121816169,0.40338870431893686,0.20686600221483942,0.28361018826135104,0.12592930571172997,1.373389672144371
chronos2-w4-gptq,monash_weather,sorted,0.026697120708748592,0.82437430786268,0.63562569213732,0.43141749723145073,0.21537098560354373,0.0,0.12572270303886537,1.3711364557421526
chronos2-w4-gptq,monash_weather,conformal,0.0036877076411960114,0.8032225913621263,0.6044629014396457,0.40365448504983387,0.1965891472868217,0.0,0.12551948126722612,1.3689201115739165
chronos2-w4-gptq-g64,monash_weather,before,0.02065337763012183,0.752624584717608,0.5752159468438538,0.40255813953488373,0.19210409745293466,0.2555703211517165,0.12606743118917146,1.3748960737171108
chronos2-w4-gptq-g64,monash_weather,sorted,0.008682170542635648,0.8170764119601329,0.6061904761904762,0.4051827242524917,0.19372093023255815,0.0,0.12588048577981847,1.3728572401587973
chronos2-w4-gptq-g64,monash_weather,conformal,0.0026301218161683126,0.806312292358804,0.599811738648948,0.3994130675526024,0.19656699889258028,0.0,0.1255404469177035,1.3691487637345288
chronos2-w4-hqq,monash_weather,before,0.02951827242524918,0.7314396456256922,0.6397563676633444,0.39083056478405315,0.20058693244739756,0.2960908084163898,0.12654231755710518,1.3800752020341944
chronos2-w4-hqq,monash_weather,sorted,0.02550941306755261,0.8256921373200443,0.6513399778516058,0.4230454042081949,0.19803986710963456,0.0,0.12620262972959959,1.376370554006377
chronos2-w4-hqq,monash_weather,conformal,0.008588039867109633,0.8102879291251385,0.6093244739756367,0.39407530454042083,0.19118493909191583,0.0,0.1261071980869258,1.3753297729768683
chronos2-w4-rtn-sim,monash_weather,before,0.1297951273532669,0.6538648947951273,0.4619822812846069,0.2596234772978959,0.10534883720930233,0.39588039867109637,0.14998634956303591,1.63575668338908
chronos2-w4-rtn-sim,monash_weather,sorted,0.12768549280177188,0.6686710963455149,0.4566998892580288,0.2615171650055371,0.10236987818383167,0.0,0.14969588222058602,1.6325888357942628
chronos2-w4-rtn-sim,monash_weather,conformal,0.002176079734219294,0.802624584717608,0.6019933554817276,0.39944629014396454,0.1964673311184939,0.0,0.136838964603334,1.4923708160779818
chronos2-w6-rtn-sim,monash_weather,before,0.05183554817275749,0.7005869324473976,0.554750830564784,0.35498338870431895,0.21766334440753046,0.2783388704318937,0.12681549800031167,1.3830545180656069
chronos2-w6-rtn-sim,monash_weather,sorted,0.029850498338870463,0.7738205980066445,0.5647951273532669,0.36184939091915835,0.1801328903654485,0.0,0.12657022506379212,1.3803795623357342
chronos2-w6-rtn-sim,monash_weather,conformal,0.0005620155038760025,0.799811738648948,0.6002768549280177,0.39957918050941305,0.20136212624584718,0.0,0.1259522395702526,1.3736397896548216
chronos2-w8-bnb-int8,monash_weather,before,0.018737541528239213,0.7979955703211518,0.5665559246954596,0.37627906976744185,0.18421926910299002,0.2049501661129568,0.12538696495014987,1.3674748837118664
chronos2-w8-bnb-int8,monash_weather,sorted,0.013275193798449582,0.8052159468438538,0.5788815060908085,0.38385382059800666,0.1893798449612403,0.0,0.12536185478415177,1.3672010313114848
chronos2-w8-bnb-int8,monash_weather,conformal,0.0014174972314507164,0.8031672203765227,0.5983720930232558,0.39959025470653375,0.19953488372093023,0.0,0.12515393088057403,1.3649334055181743
chronos2-w8-gptq,monash_weather,before,0.03331672203765229,0.7612624584717608,0.5641306755260244,0.3616389811738649,0.17970099667774087,0.12660022148394243,0.12552668322906063,1.3689986564364232
chronos2-w8-gptq,monash_weather,sorted,0.03277962347729792,0.7625359911406423,0.5640199335548173,0.36260243632336653,0.17972314507198228,0.0,0.12552276220348701,1.3689558935862938
chronos2-w8-gptq,monash_weather,conformal,0.0019324473975636594,0.8037541528239203,0.599047619047619,0.39774086378737544,0.1992358803986711,0.0,0.12518067828891116,1.365225113744145
chronos2-w8-hqq,monash_weather,before,0.029426910299003323,0.7605869324473976,0.5663787375415282,0.36926910299003324,0.18605758582502768,0.15678848283499447,0.12533975444911755,1.36696000423907
chronos2-w8-hqq,monash_weather,sorted,0.0288482834994463,0.7683831672203765,0.5650719822812846,0.36674418604651166,0.1844075304540421,0.0,0.1253336040880961,1.366892928173979
chronos2-w8-hqq,monash_weather,conformal,0.0009606866002214859,0.8017829457364342,0.6003986710963455,0.39839424141749724,0.19994462901439647,0.0,0.12506996986724328,1.3640177235971194
chronos2-w8a16-rtn,monash_weather,before,0.019975083056478375,0.8074640088593577,0.5685271317829458,0.3745847176079734,0.18445182724252493,0.2072093023255814,0.12534676817928944,1.3670364962400927
chronos2-w8a16-rtn,monash_weather,sorted,0.01416389811738647,0.8152602436323366,0.5854928017718716,0.38530454042081946,0.18780730897009967,0.0,0.12532295964025814,1.3667768394316187
chronos2-w8a16-rtn,monash_weather,conformal,0.0014479512735326577,0.804296788482835,0.5987375415282392,0.3998449612403101,0.19992248062015505,0.0,0.12511886880038542,1.3645510171730408
chronos2-w8a16-rtn-pt,monash_weather,before,0.030766888150609094,0.7454485049833887,0.5749169435215947,0.36386489479512735,0.19270210409745295,0.2388815060908084,0.12620131005039417,1.3763561615360864
chronos2-w8a16-rtn-pt,monash_weather,sorted,0.020761351052048745,0.7890143964562569,0.5746622369878184,0.36844961240310076,0.18482834994462902,0.0,0.1260959317418677,1.3752069018003932
chronos2-w8a16-rtn-pt,monash_weather,conformal,0.0007973421926910362,0.8001771871539314,0.6014285714285714,0.3990919158361019,0.20067552602436323,0.0,0.125659503849023,1.3704472030370187
chronos2-w8a16-torchao,monash_weather,before,0.025033222591362113,0.8033776301218162,0.553421926910299,0.36702104097452937,0.18280177187153931,0.20809523809523808,0.12536720107781232,1.3672593381881577
chronos2-w8a16-torchao,monash_weather,sorted,0.02035714285714286,0.8086378737541529,0.5714617940199336,0.37286821705426354,0.18287929125138427,0.0,0.12534153563959294,1.3669794299683644
chronos2-w8a16-torchao,monash_weather,conformal,0.0013427464008859136,0.8032668881506091,0.599280177187154,0.3988482834994463,0.2002325581395349,0.0,0.1250936326058014,1.3642757903002327
chronos2-w8a8-torchao-dyn,monash_weather,before,0.023480066445182725,0.7924695459579181,0.5562126245847177,0.37224806201550387,0.18514950166112956,0.20737541528239203,0.12543343607377125,1.3679816995072356
chronos2-w8a8-torchao-dyn,monash_weather,sorted,0.01616002214839425,0.7980841638981174,0.571672203765227,0.3778516057585825,0.18775193798449613,0.0,0.1254062722499185,1.3676854498382296
chronos2-w8a8-torchao-dyn,monash_weather,conformal,0.0009966777408637884,0.8022591362126246,0.5991472868217054,0.3993687707641196,0.2002436323366556,0.0,0.12515116868103282,1.364903280867674
chronos2-fp32,nn5,before,0.04382646490663235,0.7574050225370251,0.5500643915003219,0.35109465550547325,0.16613007083065034,0.0,0.14875220292133273,2.8945933926372
chronos2-fp32,nn5,sorted,0.04382646490663235,0.7574050225370251,0.5500643915003219,0.35109465550547325,0.16613007083065034,0.0,0.14875220292133273,2.8945933926372
chronos2-fp32,nn5,conformal,0.0030907920154539317,0.8005473277527366,0.5986799742433999,0.3952028332260142,0.19430135222150677,0.0,0.1467436038180108,2.8555077348872615
chronos2-w2-rtn-sim,nn5,before,0.45339665164198323,0.08564069542820348,0.058918222794591114,0.02994204764971024,0.011912427559562138,0.5535714285714286,0.33212519935090495,6.462878456178962
chronos2-w2-rtn-sim,nn5,sorted,0.45130392788151963,0.08708950418544752,0.05988409529942048,0.0334835801674179,0.014327108821635544,0.0,0.3316109840678322,6.452872257066988
chronos2-w2-rtn-sim,nn5,conformal,0.0038071474565357505,0.7986155827430779,0.5888602704443013,0.40083708950418545,0.20186735350933677,0.0,0.2723363448420185,5.29943737889761
chronos2-w3-awq-rtn,nn5,before,0.271249195106246,0.41838377334191884,0.31004507405022536,0.1289439793947199,0.05763039278815196,0.9346846846846847,0.2045364758385246,3.9801086631879725
chronos2-w3-awq-rtn,nn5,sorted,0.25028171281390854,0.4771410173857051,0.3066645202833226,0.14729555698647778,0.06777205408886026,0.0,0.1983373253447695,3.859478382043991
chronos2-w3-awq-rtn,nn5,conformal,0.0036542176432710974,0.7968448164842241,0.6006117192530586,0.3958467482292337,0.20669671603348358,0.0,0.18648452083184958,3.6288327246787504
chronos2-w3-gptaq,nn5,before,0.029016419832582137,0.7875080489375402,0.5552157115260785,0.357533805537669,0.18367675466838376,0.618082368082368,0.15293955896448674,2.976075837247067
chronos2-w3-gptaq,nn5,sorted,0.021893110109465562,0.7907276239536382,0.5632646490663232,0.3678364455891822,0.1905988409529942,0.0,0.15200143377494746,2.9578207060841155
chronos2-w3-gptaq,nn5,conformal,0.00176271732131357,0.8002253702511268,0.5977141017385705,0.3963296844816484,0.19913071474565358,0.0,0.1493160882849779,2.905566129953065
chronos2-w3-gptq,nn5,before,0.032356728911783636,0.7907276239536382,0.547005795235029,0.35012878300064393,0.1827108821635544,0.675997425997426,0.1507598358244075,2.9336602489388492
chronos2-w3-gptq,nn5,sorted,0.024307791371538975,0.7942691564713458,0.559079201545396,0.3707340631036703,0.17868641339343205,0.0,0.14977690750756897,2.914533286410021
chronos2-w3-gptq,nn5,conformal,0.0026963940759819685,0.7979716677398584,0.597070186735351,0.3943979394719897,0.19977462974887314,0.0,0.14642260046786537,2.849261278309831
chronos2-w3-hqq,nn5,before,0.025877334191886668,0.7657759175788796,0.557630392788152,0.3821635544108178,0.190920798454604,0.6628056628056628,0.15459468422219602,3.008283189749173
chronos2-w3-hqq,nn5,sorted,0.018472311654861594,0.7804249839021249,0.5674500965872504,0.39005151320025755,0.1881841596909208,0.0,0.15300490203304434,2.977347358681955
chronos2-w3-hqq,nn5,conformal,0.003452994204764963,0.8016741790083709,0.5967482292337412,0.3945589182227946,0.19655505473277526,0.0,0.15017698092031095,2.9223183802395574
chronos2-w3-rtn-sim,nn5,before,0.2735028976175145,0.4104958145524791,0.30022537025112683,0.1366709594333548,0.05859626529298133,0.9102316602316602,0.20966614649439352,4.079927761630069
chronos2-w3-rtn-sim,nn5,sorted,0.26275756600128786,0.4513844172569221,0.286381197681906,0.14568576947842884,0.06551835157759175,0.0,0.20643273032932402,4.017008188788473
chronos2-w3-rtn-sim,nn5,conformal,0.0024549259497746306,0.8008692852543464,0.5933676754668383,0.3993882807469414,0.20170637475853187,0.0,0.19300531425923595,3.7557219081595936
chronos2-w4-awq-rtn,nn5,before,0.09562137797810691,0.7187701223438506,0.49613650998068254,0.28783000643915,0.11477784932388925,0.7208815958815958,0.1564312982070229,3.044022161010771
chronos2-w4-awq-rtn,nn5,sorted,0.0796844816484224,0.7316484224082421,0.5138441725692209,0.3024790727623954,0.13329040566645203,0.0,0.15425399776897028,3.001653716456668
chronos2-w4-awq-rtn,nn5,conformal,0.0018995492594977154,0.8005473277527366,0.5986799742433999,0.40115904700579524,0.19542820347714102,0.0,0.15315611570120177,2.980289850128328
chronos2-w4-bnb-nf4,nn5,before,0.03396651641983259,0.7456535737282679,0.5708306503541533,0.36236316806181584,0.1852865421764327,0.3256113256113256,0.14616616826490034,2.844271322223233
chronos2-w4-bnb-nf4,nn5,sorted,0.03279942047649712,0.7535415325177076,0.5709916291049582,0.36252414681262074,0.18174500965872506,0.0,0.14591402263450606,2.8393647792518486
chronos2-w4-bnb-nf4,nn5,conformal,0.004620090148100428,0.8003863490019317,0.598518995492595,0.39037347070186734,0.19301352221506762,0.0,0.14481189102889416,2.8179182204730995
chronos2-w4-gptaq-g64,nn5,before,0.029620090148100478,0.7736638763683193,0.5650354153251771,0.3736316806181584,0.16918866709594332,0.18774131274131275,0.14976002868806682,2.9142048387067474
chronos2-w4-gptaq-g64,nn5,sorted,0.028452994204764985,0.7744687701223438,0.5658403090792016,0.37411461687057307,0.17176432710882164,0.0,0.14967259482637002,2.9125034489229997
chronos2-w4-gptaq-g64,nn5,conformal,0.0021249195106245802,0.8000643915003219,0.5981970379909852,0.3997102382485512,0.19365743721828718,0.0,0.14852544189878747,2.890180812892656
chronos2-w4-gptq,nn5,before,0.05255956213779783,0.7417900837089504,0.5397617514488088,0.3478750804893754,0.16033483580167418,0.3264157014157014,0.14884050013636918,2.896311582554482
chronos2-w4-gptq,nn5,sorted,0.051150998068254974,0.7461365099806826,0.5413715389568577,0.34723116548615585,0.16065679330328397,0.0,0.1486161906149991,2.891946706971383
chronos2-w4-gptq,nn5,conformal,0.004571796522859016,0.798454603992273,0.6009336767546684,0.3937540244687701,0.1904378622021893,0.0,0.14789588754108926,2.8779302119044936
chronos2-w4-gptq-g64,nn5,before,0.028774951706374792,0.7857372826786864,0.5553766902768834,0.37475853187379266,0.16902768834513845,0.2697876447876448,0.14826070390307697,2.8850292330295395
chronos2-w4-gptq-g64,nn5,sorted,0.02788956857694786,0.7858982614294913,0.559079201545396,0.37556342562781714,0.16790083708950418,0.0,0.14813051926541482,2.882495948919461
chronos2-w4-gptq-g64,nn5,conformal,0.0035817772054089203,0.7992594977462975,0.5930457179652285,0.39793947198969737,0.19542820347714102,0.0,0.1470805490357301,2.8620644068674865
chronos2-w4-hqq,nn5,before,0.0626609787508049,0.7210238248551192,0.5444301352221507,0.32566001287830004,0.15824211204121055,0.3347812097812098,0.14821984279422673,2.884234110043991
chronos2-w4-hqq,nn5,sorted,0.060648744365743724,0.7269800386349002,0.5442691564713458,0.33145524790727626,0.15470057952350288,0.0,0.1479262412364421,2.8785208694160134
chronos2-w4-hqq,nn5,conformal,0.004628139085640713,0.7990985189954926,0.5983580167417901,0.38972955569864776,0.19430135222150677,0.0,0.14539521777523426,2.829269270827611
chronos2-w4-rtn-sim,nn5,before,0.10483741146168706,0.7144236960721185,0.4821313586606568,0.27945911139729557,0.10463618802318093,0.7202380952380952,0.1565678832228794,3.0466799911246594
chronos2-w4-rtn-sim,nn5,sorted,0.08906149388280749,0.7252092723760464,0.49549259497746295,0.29523502897617515,0.12781712813908563,0.0,0.15450359542114706,3.006510677904095
chronos2-w4-rtn-sim,nn5,conformal,0.0022537025112685516,0.7994204764971024,0.5998068254990341,0.3966516419832582,0.19510624597553122,0.0,0.15344601788269066,2.985931103989237
chronos2-w6-rtn-sim,nn5,before,0.051231487443657464,0.743882807469414,0.5424983902124919,0.339343206696716,0.16934964584674822,0.1525096525096525,0.14742791400386468,2.8688238384715192
chronos2-w6-rtn-sim,nn5,sorted,0.050748551191242774,0.7442047649710238,0.5434642627173213,0.3395041854475209,0.1698325820991629,0.0,0.14737701597664393,2.867833405453399
chronos2-w6-rtn-sim,nn5,conformal,0.003461043142305227,0.7989375402446877,0.597070186735351,0.395524790727624,0.19462330972311656,0.0,0.1453913525905137,2.8291940575673453
chronos2-w8-bnb-int8,nn5,before,0.04282034771410175,0.7569220862846104,0.5505473277527366,0.3535093367675467,0.16773985833869928,0.0019305019305019305,0.1484383631216014,2.8884863327563512
chronos2-w8-bnb-int8,nn5,sorted,0.04282034771410175,0.7569220862846104,0.5505473277527366,0.3535093367675467,0.16773985833869928,0.0,0.14843821314577438,2.888483414352257
chronos2-w8-bnb-int8,nn5,conformal,0.004217643271088201,0.8018351577591758,0.5975531229877656,0.3918222794591114,0.1955891822279459,0.0,0.1463287187904035,2.8474344194268424
chronos2-w8-gptq,nn5,before,0.04249839021249198,0.7596587250482936,0.5511912427559562,0.35206052801030263,0.16709594333547972,0.0,0.14962632801810422,2.9116031355503273
chronos2-w8-gptq,nn5,sorted,0.04249839021249198,0.7596587250482936,0.5511912427559562,0.35206052801030263,0.16709594333547972,0.0,0.14962632801810422,2.9116031355503273
chronos2-w8-gptq,nn5,conformal,0.001778815196394043,0.8008692852543464,0.5990019317450097,0.40019317450096586,0.19494526722472633,0.0,0.14764667429682293,2.873080730713331
chronos2-w8-hqq,nn5,before,0.04438989053444947,0.7562781712813909,0.5495814552479072,0.34980682549903414,0.16677398583386993,0.0,0.1487170038884606,2.8939084489121467
chronos2-w8-hqq,nn5,sorted,0.04438989053444947,0.7562781712813909,0.5495814552479072,0.34980682549903414,0.16677398583386993,0.0,0.1487170038884606,2.8939084489121467
chronos2-w8-hqq,nn5,conformal,0.0027768834513844445,0.7989375402446877,0.599967804249839,0.3956857694784289,0.19430135222150677,0.0,0.14670585446687862,2.8547731641029803
chronos2-w8a16-rtn,nn5,before,0.043504507405022555,0.756117192530586,0.5502253702511268,0.3527044430135222,0.16693496458467483,0.0014478764478764478,0.14839790951199794,2.8876991393651483
chronos2-w8a16-rtn,nn5,sorted,0.043504507405022555,0.756117192530586,0.5502253702511268,0.3527044430135222,0.16693496458467483,0.0,0.1483977728529676,2.887696480094774
chronos2-w8a16-rtn,nn5,conformal,0.00401641983258208,0.8018351577591758,0.598518995492595,0.392466194462331,0.19478428847392143,0.0,0.14638076443264322,2.848447184072905
chronos2-w8a16-rtn-pt,nn5,before,0.045878943979394744,0.7541854475209272,0.5447520927237605,0.34658725048293626,0.17095943335479716,0.037805662805662804,0.1481636124519377,2.883139914636737
chronos2-w8a16-rtn-pt,nn5,sorted,0.04579845460399229,0.7541854475209272,0.5449130714745654,0.34723116548615585,0.1704764971023825,0.0,0.14815592563580451,2.88299033562713
chronos2-w8a16-rtn-pt,nn5,conformal,0.005754990341274961,0.7990985189954926,0.5991629104958146,0.3915003219575016,0.18721828718609143,0.0,0.14657700558950604,2.852265872770369
chronos2-w8a16-torchao,nn5,before,0.04422891178364458,0.7559562137797811,0.5500643915003219,0.3525434642627173,0.1645202833226014,0.0011261261261261261,0.1484421399046597,2.888559825794244
chronos2-w8a16-torchao,nn5,sorted,0.04418866709594336,0.7559562137797811,0.5500643915003219,0.3525434642627173,0.1646812620734063,0.0,0.14844205721734027,2.888558216768202
chronos2-w8a16-torchao,nn5,conformal,0.0038554410817771834,0.8013522215067611,0.5988409529942048,0.3921442369607212,0.19494526722472633,0.0,0.14640937303360232,2.8490038835078213
chronos2-w8a8-torchao-dyn,nn5,before,0.04366548615582744,0.7567611075338055,0.5511912427559562,0.3538312942691565,0.16355441081777206,0.0011261261261261261,0.14837598465414958,2.8872724999781942
chronos2-w8a8-torchao-dyn,nn5,sorted,0.043625241468126214,0.7567611075338055,0.5511912427559562,0.3538312942691565,0.16371538956857695,0.0,0.14837590340883888,2.8872709190124337
chronos2-w8a8-torchao-dyn,nn5,conformal,0.003251770766258835,0.8007083065035415,0.5990019317450097,0.39278815196394073,0.1959111397295557,0.0,0.14632440051691564,2.84735038943831
